"","UTC","TOL_25","TOL_31.5","TOL_40","TOL_50","TOL_63","TOL_80","TOL_100","TOL_125","TOL_160","TOL_200","TOL_250","TOL_315","TOL_400","TOL_500","TOL_630","TOL_800","TOL_1000","TOL_1250","TOL_1600","TOL_2000","TOL_2500","TOL_3150","TOL_4000","TOL_5000","TOL_6300","TOL_8000","TOL_10000","TOL_12500","TOL_16000","TOL_20000","site","yr","mth","Latitude","Longitude","Season","seasonYr","windU","windV","precRate","matchLong","matchLat","matchTime","windMag","Day"
"1448",2019-01-15,78.011559,77.82544,77.479352,77.469536,76.570495,76.519565,76.496076,78.653406,82.382341,85.262776,87.877144,89.230263,88.937359,88.132745,87.903159,84.901058,81.700751,80.785657,80.226451,79.461098,79.411638,80.126069,80.030913,78.727133,79.210562,78.884283,78.468181,78.254054,77.786261,77.484444,"mb01",2019,1,36.798,-121.976,"winter","winter-2019",NA,NA,NA,NA,NA,NA,NA,2019-01-15
"1449",2019-01-15 01:00:00,77.974373,77.784386,78.086041,79.520856,78.282225,77.573798,78.210917,80.82893,85.38706,88.535705,90.53501,91.581103,91.036333,89.999569,89.233709,85.872076,83.560661,83.209881,82.686081,81.949922,82.134995,83.034485,83.136313,81.407365,81.692348,81.190317,80.683839,80.393499,79.789669,79.686947,"mb01",2019,1,36.798,-121.976,"winter","winter-2019",NA,NA,NA,NA,NA,NA,NA,2019-01-15
"1450",2019-01-15 02:00:00,78.881387,79.583315,80.448613,81.953098,81.052565,79.073648,78.997007,81.742069,86.224524,89.456999,91.145179,91.928469,91.039322,89.558973,87.980372,83.645067,80.782845,80.542698,80.545597,80.440299,81.012637,82.169266,82.301768,80.719798,81.05531,80.589733,80.121435,79.860762,79.304108,78.969686,"mb01",2019,1,36.798,-121.976,"winter","winter-2019",-3.37198734283447,3.81846690177917,4.8999998398358e-05,238,36.75,2019-01-15 01:30:00,5.09421123631706,2019-01-15
"1451",2019-01-15 03:00:00,80.75307,83.074694,84.091108,85.701484,84.326724,80.886118,78.89376,80.612254,84.463557,87.3336,89.51949,90.424722,89.796017,88.15428,86.394984,81.973089,79.255165,79.901778,80.413652,81.340003,82.344508,83.49754,83.481283,81.831742,82.253148,81.812974,81.296844,81.019188,80.401661,79.997263,"mb01",2019,1,36.798,-121.976,"winter","winter-2019",-3.37198734283447,3.81846690177917,4.8999998398358e-05,238,36.75,2019-01-15 01:30:00,5.09421123631706,2019-01-15
"1452",2019-01-15 04:00:00,78.055227,78.587623,79.09909,79.764944,78.833833,77.654283,77.58352,78.890048,82.303631,85.180303,86.996891,87.990523,87.81211,86.235551,84.408771,80.596236,78.63471,80.428547,81.481319,81.798859,82.309249,83.346099,83.29952,81.671925,82.086025,81.627829,81.10476,80.842904,80.22912,79.828182,"mb01",2019,1,36.798,-121.976,"winter","winter-2019",-3.37198734283447,3.81846690177917,4.8999998398358e-05,238,36.75,2019-01-15 01:30:00,5.09421123631706,2019-01-15
"1453",2019-01-15 05:00:00,77.934804,78.488702,78.77441,79.894894,79.58351,78.767385,78.830706,79.719893,82.219728,84.512739,85.834135,86.711958,86.999212,86.67793,86.222733,84.452992,82.683198,83.763046,84.493846,84.803789,85.436047,86.587174,86.553334,84.815973,85.172675,84.687456,84.09919,83.795743,83.094205,82.562462,"mb01",2019,1,36.798,-121.976,"winter","winter-2019",NA,NA,NA,NA,NA,NA,NA,2019-01-15
"1454",2019-01-15 06:00:00,77.707541,77.948766,78.199394,79.123101,79.056367,79.160224,79.342969,80.135867,82.149537,84.190261,84.950799,85.638704,86.274947,86.670001,86.945202,86.736672,85.994314,84.67517,85.00558,85.348018,85.949588,87.013378,86.911956,85.138796,85.461989,84.956267,84.37539,84.036762,83.300528,82.733916,"mb01",2019,1,36.798,-121.976,"winter","winter-2019",NA,NA,NA,NA,NA,NA,NA,2019-01-15
"1455",2019-01-15 07:00:00,77.267406,77.389801,78.14163,79.120887,79.269442,79.601125,80.161651,81.125524,82.903373,84.82062,85.572224,86.079743,86.792225,87.478538,87.96889,87.917482,86.942749,85.902767,86.770299,87.092017,87.596923,88.438265,88.150388,86.267398,86.588808,85.999465,85.373241,85.042595,84.243684,83.630682,"mb01",2019,1,36.798,-121.976,"winter","winter-2019",NA,NA,NA,NA,NA,NA,NA,2019-01-15
"1456",2019-01-15 08:00:00,77.32334,77.654901,78.520438,79.930122,79.425647,79.812425,80.280397,81.27801,82.881323,84.75064,85.520478,86.096468,86.689323,87.540385,88.044488,88.107552,87.322503,86.689178,87.225835,87.313826,87.931521,88.989369,88.973612,87.2436,87.5192,86.920971,86.217528,85.903193,85.586934,85.398401,"mb01",2019,1,36.798,-121.976,"winter","winter-2019",-5.295654296875,2.75967526435852,0,238,36.75,2019-01-15 07:30:00,5.97157952276639,2019-01-15
"1457",2019-01-15 09:00:00,76.90576,77.001389,77.515713,78.127908,77.85729,77.849725,78.246592,79.125774,80.864517,83.162685,83.241089,83.668013,84.473973,85.243805,85.762923,85.748594,85.109187,84.55851,84.892839,84.921699,85.357738,86.21144,86.069816,84.298583,84.620109,84.088484,83.519177,83.172653,82.488241,81.968066,"mb01",2019,1,36.798,-121.976,"winter","winter-2019",-5.295654296875,2.75967526435852,0,238,36.75,2019-01-15 07:30:00,5.97157952276639,2019-01-15
"1458",2019-01-15 10:00:00,77.377419,78.267563,79.384974,80.240022,79.962424,80.012705,80.182084,80.820798,82.374887,84.54547,84.901953,85.29394,86.061006,86.974859,87.549313,87.657009,87.340507,86.763624,87.099671,87.060776,87.422699,88.393085,88.263563,86.399133,86.621909,86.008987,85.383473,85.025157,84.404348,84.382039,"mb01",2019,1,36.798,-121.976,"winter","winter-2019",-5.295654296875,2.75967526435852,0,238,36.75,2019-01-15 07:30:00,5.97157952276639,2019-01-15
"1459",2019-01-15 11:00:00,77.159468,78.657655,79.867155,80.817536,81.098415,81.660934,82.118965,82.904691,84.299693,86.172183,86.712385,87.134546,87.819768,88.766857,89.364924,89.577168,89.512696,89.165232,89.349677,89.19982,89.405835,90.081229,89.741128,87.773858,87.9479,87.303947,86.629292,86.184452,85.308274,84.496285,"mb01",2019,1,36.798,-121.976,"winter","winter-2019",NA,NA,NA,NA,NA,NA,NA,2019-01-15
"1460",2019-01-15 12:00:00,77.077678,78.480878,80.120772,81.051852,81.310576,82.085293,82.619424,83.202905,84.586107,86.519784,87.017685,87.441153,88.161011,89.126048,89.716855,89.995388,90.006696,89.687328,89.859768,89.714865,89.904477,90.62885,90.372168,88.464434,88.656113,87.984523,87.24411,86.733573,85.860708,85.153006,"mb01",2019,1,36.798,-121.976,"winter","winter-2019",NA,NA,NA,NA,NA,NA,NA,2019-01-15
"1461",2019-01-15 13:00:00,77.176407,78.526531,79.973362,81.561576,80.908072,81.012307,81.534134,81.819978,83.394909,85.462418,85.76195,86.1068,86.812143,87.731544,88.386683,88.710252,88.777234,88.50172,88.653875,88.528191,88.704354,89.427225,89.294087,87.554221,87.881162,87.255478,86.540899,86.256536,86.029975,85.995181,"mb01",2019,1,36.798,-121.976,"winter","winter-2019",NA,NA,NA,NA,NA,NA,NA,2019-01-15
"1462",2019-01-15 14:00:00,77.691914,78.528281,80.653682,84.963586,83.883698,82.649003,82.323876,82.9018,84.301048,86.202094,86.84058,87.290304,88.063642,89.056206,89.849002,90.213168,90.357882,90.117474,90.280357,90.161951,90.318644,91.025556,90.889228,89.102244,89.348363,88.647605,87.816095,87.256812,86.542894,86.188685,"mb01",2019,1,36.798,-121.976,"winter","winter-2019",-5.72471904754639,1.39186763763428,0.000157999995280989,238,36.75,2019-01-15 13:30:00,5.89149418178734,2019-01-15
"1463",2019-01-15 15:00:00,77.751601,78.944534,80.501725,82.861711,83.037894,83.134876,83.12484,83.753847,84.910879,86.230969,87.39981,87.919951,88.786485,89.848697,90.646212,91.103041,91.337901,91.118037,91.325375,91.224243,91.534747,92.368411,92.422073,90.825895,91.213004,90.541602,89.64642,89.030806,88.226949,87.787628,"mb01",2019,1,36.798,-121.976,"winter","winter-2019",-5.72471904754639,1.39186763763428,0.000157999995280989,238,36.75,2019-01-15 13:30:00,5.89149418178734,2019-01-15
"1464",2019-01-15 16:00:00,78.193318,79.204869,80.607996,81.957211,82.444108,82.633935,82.372069,82.963837,84.197363,85.512285,86.666489,87.2482,88.133765,89.164467,89.91351,90.329821,90.529716,90.287835,90.400729,90.214337,90.425442,91.196259,91.119008,89.403852,89.71958,89.008821,88.133823,87.587092,86.987353,86.759975,"mb01",2019,1,36.798,-121.976,"winter","winter-2019",-5.72471904754639,1.39186763763428,0.000157999995280989,238,36.75,2019-01-15 13:30:00,5.89149418178734,2019-01-15
"1465",2019-01-15 17:00:00,79.657891,81.827194,83.570643,84.134975,84.837254,84.003143,83.340638,83.937612,85.011868,86.306953,87.482537,88.009313,88.908697,89.946796,90.707344,91.157084,91.365769,91.149526,91.306384,91.150358,91.39341,92.20322,92.221858,90.540742,90.842196,90.100289,89.149686,88.465579,87.585128,87.115081,"mb01",2019,1,36.798,-121.976,"winter","winter-2019",NA,NA,NA,NA,NA,NA,NA,2019-01-15
"1466",2019-01-15 18:00:00,79.243076,80.769557,82.204994,83.4785,83.560368,84.326871,84.218978,84.540653,85.478972,86.817955,87.93821,88.435201,89.281715,90.277907,90.970415,91.382336,91.548394,91.307396,91.424154,91.217167,91.429352,92.230416,92.13379,90.405239,90.632124,89.850917,88.871525,88.120712,87.07453,86.39198,"mb01",2019,1,36.798,-121.976,"winter","winter-2019",NA,NA,NA,NA,NA,NA,NA,2019-01-15
"1467",2019-01-15 19:00:00,87.324228,90.065803,92.584265,93.527922,89.750372,87.331973,85.733183,85.02674,85.445613,86.572998,87.709253,88.156584,88.942076,89.878098,90.474953,90.815037,90.941306,90.620181,90.681704,90.417605,90.542754,91.246771,90.969708,89.014258,89.157043,88.42548,87.612943,87.081689,86.157202,85.35193,"mb01",2019,1,36.798,-121.976,"winter","winter-2019",NA,NA,NA,NA,NA,NA,NA,2019-01-15
"1468",2019-01-15 20:00:00,80.218988,81.603667,83.662913,85.974981,85.070597,84.219761,84.132072,84.525188,85.467452,86.832747,88.03125,88.61739,89.467984,90.484253,91.181703,91.594913,91.833045,91.604136,91.758861,91.623806,91.861024,92.696549,92.672627,91.013317,91.305311,90.601557,89.637638,88.879434,87.851228,87.193093,"mb01",2019,1,36.798,-121.976,"winter","winter-2019",-6.46821308135986,1.24812984466553,0.00106299994513392,238,36.75,2019-01-15 19:30:00,6.58753433198034,2019-01-15
"1469",2019-01-15 21:00:00,78.927405,79.546831,80.916418,82.635171,83.104039,83.518416,83.837714,84.27728,85.260562,86.735229,88.070202,88.668749,89.526579,90.551183,91.236232,91.655167,91.923205,91.733139,91.877934,91.715608,91.956219,92.786149,92.853547,91.319346,91.726409,91.18238,90.526361,90.419284,90.060372,89.612149,"mb01",2019,1,36.798,-121.976,"winter","winter-2019",-6.46821308135986,1.24812984466553,0.00106299994513392,238,36.75,2019-01-15 19:30:00,6.58753433198034,2019-01-15
"1470",2019-01-15 22:00:00,78.25514,78.681123,79.548809,80.868868,81.681395,82.45092,82.823456,83.339427,84.448442,86.125902,87.418195,87.981567,88.693067,89.596855,90.151014,90.416806,90.56935,90.282325,90.376161,90.130275,90.272478,91.044043,90.909399,89.214191,89.5805,88.931753,88.090864,87.732945,87.616965,87.681469,"mb01",2019,1,36.798,-121.976,"winter","winter-2019",-6.46821308135986,1.24812984466553,0.00106299994513392,238,36.75,2019-01-15 19:30:00,6.58753433198034,2019-01-15
"1471",2019-01-15 23:00:00,79.246864,80.166534,81.409349,82.669315,83.267879,83.887595,84.136022,84.575432,85.520677,87.077227,88.344059,88.851064,89.293867,89.910955,90.265955,90.305711,90.240193,89.841294,89.804298,89.482644,89.572428,90.216348,89.936349,87.940787,88.054724,87.397034,86.714644,86.247777,85.37131,84.609818,"mb01",2019,1,36.798,-121.976,"winter","winter-2019",NA,NA,NA,NA,NA,NA,NA,2019-01-15
"1472",2019-01-16,81.46297,82.870695,84.40216,85.539872,85.767302,86.434675,86.432475,86.970778,87.831358,89.356601,90.757204,91.232909,91.886172,92.607062,92.993037,93.120648,93.121395,92.774075,92.788513,92.501934,92.691971,93.362425,93.034475,90.777478,90.545558,89.581877,88.634229,87.902388,86.60823,85.376397,"mb01",2019,1,36.798,-121.976,"winter","winter-2019",NA,NA,NA,NA,NA,NA,NA,2019-01-16
"1473",2019-01-16 01:00:00,81.28851,82.563976,84.199754,85.713087,85.903886,86.555554,86.543637,87.079719,88.542465,90.787852,91.728932,92.224479,92.660608,93.02195,93.298042,93.245794,93.173628,92.743073,92.831799,92.682763,93.011614,93.863937,93.720194,91.625517,91.472556,90.496164,89.385686,88.277607,86.594333,85.294822,"mb01",2019,1,36.798,-121.976,"winter","winter-2019",NA,NA,NA,NA,NA,NA,NA,2019-01-16
"1474",2019-01-16 02:00:00,78.793051,80.013126,82.039612,83.876213,83.523954,83.23567,82.509635,83.539394,86.038391,88.475174,89.824342,90.320553,90.304802,89.592643,88.649929,87.402554,86.584649,85.372257,85.894427,86.418302,86.879597,88.015689,88.006828,85.810845,85.865286,85.283181,84.624251,84.237912,83.648913,84.969124,"mb01",2019,1,36.798,-121.976,"winter","winter-2019",7.34643793106079,6.05508279800415,0.000297999999020249,238,36.75,2019-01-16 01:30:00,9.520198420496,2019-01-16
"1475",2019-01-16 03:00:00,79.19296,79.356948,79.835892,81.277878,80.446079,80.034346,79.401507,80.806383,83.5589,86.149958,87.786417,88.548942,88.560768,87.711585,86.935801,85.665463,84.519591,83.899332,84.604115,84.749522,85.178641,86.106668,85.947924,84.151973,84.428323,83.895738,83.337584,82.996074,82.382241,82.695511,"mb01",2019,1,36.798,-121.976,"winter","winter-2019",7.34643793106079,6.05508279800415,0.000297999999020249,238,36.75,2019-01-16 01:30:00,9.520198420496,2019-01-16
"1476",2019-01-16 04:00:00,79.128907,79.303444,79.652407,81.527835,80.508165,80.57906,80.122934,81.128943,82.978264,85.177619,86.531936,87.271166,87.752952,87.609932,87.436523,87.017454,86.27459,85.732239,86.227846,86.298447,86.624387,87.536584,87.345235,85.539268,85.846962,85.276638,84.734127,84.342871,83.678056,84.377241,"mb01",2019,1,36.798,-121.976,"winter","winter-2019",7.34643793106079,6.05508279800415,0.000297999999020249,238,36.75,2019-01-16 01:30:00,9.520198420496,2019-01-16
"1477",2019-01-16 05:00:00,82.573219,84.374117,83.94229,84.954162,82.237827,81.543146,80.857152,81.587812,82.906835,84.740037,85.88786,86.501708,87.150645,87.533921,87.571972,87.238539,86.572871,86.014822,86.374883,86.360201,86.826236,87.808907,87.680009,85.848101,86.119136,85.546186,84.956099,84.565718,83.833088,84.041849,"mb01",2019,1,36.798,-121.976,"winter","winter-2019",NA,NA,NA,NA,NA,NA,NA,2019-01-16
"1478",2019-01-16 06:00:00,84.913616,87.415438,87.412247,88.381539,85.758766,84.580965,82.441439,82.41498,83.26179,84.680316,85.458819,85.896437,86.620696,87.195488,87.345844,87.26618,86.689389,85.722153,85.901417,85.977241,86.443676,87.385001,87.246595,85.486513,85.795595,85.23197,84.650569,84.277087,83.573721,83.837852,"mb01",2019,1,36.798,-121.976,"winter","winter-2019",NA,NA,NA,NA,NA,NA,NA,2019-01-16
"1479",2019-01-16 07:00:00,85.37847,88.621931,89.063053,89.181657,85.571271,84.564655,82.849054,83.099562,83.918387,85.569151,86.411281,86.809985,87.512475,88.384318,88.78592,88.751219,88.332487,87.393185,87.673907,87.847259,88.305845,89.140182,88.905797,87.037166,87.264652,86.647807,86.02159,85.581138,84.7654,84.154909,"mb01",2019,1,36.798,-121.976,"winter","winter-2019",NA,NA,NA,NA,NA,NA,NA,2019-01-16
"1480",2019-01-16 08:00:00,80.694232,82.068544,82.877375,83.425267,82.316759,81.881596,81.152412,81.604066,82.836933,84.592117,85.253865,85.681037,86.527475,87.390503,87.893853,87.984656,87.708982,86.942365,87.095886,87.140901,87.532454,88.407508,88.263412,86.45454,86.691705,86.112779,85.507609,85.114226,84.390297,84.30948,"mb01",2019,1,36.798,-121.976,"winter","winter-2019",-0.810842275619507,7.01356220245361,6.70000008540228e-05,238,36.75,2019-01-16 07:30:00,7.06027761236184,2019-01-16
"1481",2019-01-16 09:00:00,77.900356,77.663241,78.892627,80.299188,80.444095,80.503094,80.262976,80.772896,81.888433,84.049666,84.473439,84.750908,85.652126,86.598782,87.067606,87.095177,86.685448,85.955154,86.214545,86.380195,86.813231,87.601255,87.343686,85.541665,85.863188,85.289249,84.683049,84.319178,83.567045,82.961695,"mb01",2019,1,36.798,-121.976,"winter","winter-2019",-0.810842275619507,7.01356220245361,6.70000008540228e-05,238,36.75,2019-01-16 07:30:00,7.06027761236184,2019-01-16
"1482",2019-01-16 10:00:00,77.010516,76.997078,78.267298,79.112327,78.462798,78.410291,77.733899,78.476962,80.173057,82.564717,82.688758,82.767379,83.368998,84.393009,84.561615,84.352902,83.995299,83.344189,83.492681,83.299874,83.669147,84.461842,84.244473,82.595998,82.914973,82.420201,81.894753,81.574587,80.94831,80.607554,"mb01",2019,1,36.798,-121.976,"winter","winter-2019",-0.810842275619507,7.01356220245361,6.70000008540228e-05,238,36.75,2019-01-16 07:30:00,7.06027761236184,2019-01-16
"1483",2019-01-16 11:00:00,76.917988,77.713171,78.64167,79.979948,79.757679,78.452843,77.540414,78.083605,79.678751,82.295875,81.886,82.015663,82.555416,83.358187,83.678484,83.550076,83.146162,82.505702,82.385735,82.144139,82.334641,83.07653,82.947436,81.332344,81.554903,81.089265,80.533726,80.236451,79.658014,79.834132,"mb01",2019,1,36.798,-121.976,"winter","winter-2019",NA,NA,NA,NA,NA,NA,NA,2019-01-16
"1484",2019-01-16 12:00:00,77.615741,78.11651,78.999355,80.407775,80.212868,79.87269,78.785253,78.711938,80.000536,82.586829,82.085315,82.330779,82.912243,83.610053,84.011196,83.895447,83.525128,82.690735,82.276115,82.000497,82.30065,83.12444,83.049912,81.425897,81.506655,80.977305,80.435165,80.128243,79.641512,81.759167,"mb01",2019,1,36.798,-121.976,"winter","winter-2019",NA,NA,NA,NA,NA,NA,NA,2019-01-16
"1485",2019-01-16 13:00:00,77.631737,79.154103,81.234866,81.214403,80.826311,80.871337,79.126658,78.794933,79.899068,82.402403,80.944913,80.763632,81.150688,81.795773,82.389128,82.131654,81.468163,80.649602,80.436508,80.607983,80.609808,80.285405,79.737966,78.259374,78.168159,77.629205,77.122178,76.872646,76.440644,76.405079,"mb01",2019,1,36.798,-121.976,"winter","winter-2019",NA,NA,NA,NA,NA,NA,NA,2019-01-16
"1486",2019-01-16 14:00:00,77.124997,78.212717,80.205139,81.508745,81.668927,81.192854,78.850051,78.498431,79.56657,82.048916,81.06145,81.209794,82.004376,83.219251,84.27548,84.437997,84.181294,83.558825,83.293656,82.962564,83.021954,83.416186,82.936385,81.071523,80.981398,80.396275,79.78236,79.460053,78.885164,78.529858,"mb01",2019,1,36.798,-121.976,"winter","winter-2019",-1.17795658111572,5.03915405273438,6.00000021222513e-06,238,36.75,2019-01-16 13:30:00,5.17500292504102,2019-01-16
"1487",2019-01-16 15:00:00,77.081389,77.501999,79.012073,80.410071,80.880282,80.437864,78.567217,78.456926,78.867599,79.779934,80.347297,80.912611,81.667433,82.428844,82.890828,83.004296,82.791701,82.094755,81.659283,81.25801,81.2061,81.915376,81.909247,80.477845,80.41025,79.83586,79.297911,78.966581,78.39812,78.044731,"mb01",2019,1,36.798,-121.976,"winter","winter-2019",-1.17795658111572,5.03915405273438,6.00000021222513e-06,238,36.75,2019-01-16 13:30:00,5.17500292504102,2019-01-16
"1488",2019-01-16 16:00:00,77.446873,78.004921,79.532668,81.115716,81.558037,80.904833,78.73777,78.478471,78.805798,79.452198,79.952566,80.429081,81.274693,81.912099,82.346484,82.456802,82.276116,81.653252,81.246361,80.803191,80.706656,81.439031,81.422228,79.925968,79.838482,79.273432,78.73227,78.433059,77.94065,77.828895,"mb01",2019,1,36.798,-121.976,"winter","winter-2019",-1.17795658111572,5.03915405273438,6.00000021222513e-06,238,36.75,2019-01-16 13:30:00,5.17500292504102,2019-01-16
"1489",2019-01-16 17:00:00,77.961493,78.543069,80.808112,82.808251,82.17661,81.909083,80.172834,79.486237,79.50599,80.207265,80.468813,80.66723,81.418495,81.949205,82.366065,82.471292,82.289988,81.654638,81.314172,81.046816,80.933195,81.723444,81.817592,80.374157,80.423805,79.909898,79.398201,79.103894,78.730755,78.954727,"mb01",2019,1,36.798,-121.976,"winter","winter-2019",NA,NA,NA,NA,NA,NA,NA,2019-01-16
"1490",2019-01-16 18:00:00,78.129702,78.651563,80.137147,81.707752,81.951007,81.335267,79.858866,79.57916,79.881688,80.859548,81.773965,82.540329,83.533618,84.404613,84.976735,85.244543,85.120636,84.571608,84.368328,83.994651,83.969099,84.618479,84.405685,82.765402,82.976317,82.44991,81.888885,81.547565,80.907884,80.441716,"mb01",2019,1,36.798,-121.976,"winter","winter-2019",NA,NA,NA,NA,NA,NA,NA,2019-01-16
"1491",2019-01-16 19:00:00,78.629073,79.081256,80.454026,81.94546,81.824514,81.669413,80.773089,80.712156,80.948765,81.554628,82.24424,82.89276,83.640411,84.315933,84.751393,84.801835,84.591414,83.933876,83.486082,82.930047,82.778735,83.350722,83.116069,81.422889,81.517687,81.05468,80.60416,80.484132,79.901823,79.441809,"mb01",2019,1,36.798,-121.976,"winter","winter-2019",NA,NA,NA,NA,NA,NA,NA,2019-01-16
"1492",2019-01-16 20:00:00,78.893692,79.414439,80.532975,81.852208,81.991243,81.69907,81.098156,81.274016,81.483838,82.121401,82.739673,83.220267,83.615433,83.977504,84.17237,83.99305,83.592478,82.815923,82.192435,81.513928,81.235067,81.767127,81.514685,79.787437,79.680068,79.104748,78.574459,78.336124,77.871747,77.53209,"mb01",2019,1,36.798,-121.976,"winter","winter-2019",-3.89766120910645,10.8663110733032,0.000330000009853393,238,36.75,2019-01-16 19:30:00,11.5441967777219,2019-01-16
"1493",2019-01-16 21:00:00,79.907283,80.878256,82.498652,83.864728,83.951577,84.252239,84.237152,84.403745,84.769569,85.975515,87.016396,87.74361,88.561116,89.287404,89.730512,89.875211,89.828342,89.374011,89.25908,88.862569,88.907584,89.566873,89.35439,87.490047,87.623182,86.94604,86.243939,85.807633,85.22923,84.597854,"mb01",2019,1,36.798,-121.976,"winter","winter-2019",-3.89766120910645,10.8663110733032,0.000330000009853393,238,36.75,2019-01-16 19:30:00,11.5441967777219,2019-01-16
"1494",2019-01-16 22:00:00,81.767668,83.248763,84.914089,86.533825,86.631418,87.317091,87.274242,87.584066,88.215914,89.675939,90.900951,91.417584,92.266718,93.164825,93.723854,94.061309,94.161068,93.874776,93.931682,93.738459,94.06334,94.885811,94.838157,92.807542,92.505444,91.236202,89.84508,88.468346,86.438704,84.632549,"mb01",2019,1,36.798,-121.976,"winter","winter-2019",-3.89766120910645,10.8663110733032,0.000330000009853393,238,36.75,2019-01-16 19:30:00,11.5441967777219,2019-01-16
"1495",2019-01-16 23:00:00,82.621571,83.919034,85.702827,87.157431,87.13266,87.687614,87.663914,87.929923,88.636555,90.008472,91.262478,91.792536,92.583486,93.291281,93.759739,93.952829,93.998708,93.712403,93.756104,93.544275,93.751753,94.518557,94.339555,92.236964,91.836735,90.537785,89.277591,88.200958,86.496632,84.86092,"mb01",2019,1,36.798,-121.976,"winter","winter-2019",NA,NA,NA,NA,NA,NA,NA,2019-01-16
"1496",2019-01-17,82.651372,84.185525,85.732842,87.054122,87.184572,87.712937,87.658399,87.987491,88.843525,90.27201,91.622747,92.206193,92.969052,93.56256,93.897236,94.085327,94.096544,93.781025,93.823255,93.593922,93.857568,94.595364,94.430334,92.317047,91.847869,90.496855,89.186181,88.061216,86.315328,84.623865,"mb01",2019,1,36.798,-121.976,"winter","winter-2019",NA,NA,NA,NA,NA,NA,NA,2019-01-17
"1497",2019-01-17 01:00:00,82.678459,84.060124,85.472684,86.930681,87.086171,87.600137,87.612338,88.048197,89.251453,91.441498,92.505207,93.233741,93.587716,93.606849,93.58817,93.283393,92.857748,92.143914,92.331552,92.478773,93.20205,94.187336,94.108046,91.982849,91.513389,90.198777,88.89919,87.734157,86.002783,84.377379,"mb01",2019,1,36.798,-121.976,"winter","winter-2019",NA,NA,NA,NA,NA,NA,NA,2019-01-17
"1498",2019-01-17 02:00:00,82.475029,83.877024,85.334211,86.654983,86.897885,87.280204,87.314511,87.80089,89.178781,91.370804,92.544593,93.358019,93.702751,93.555149,93.470615,93.244711,92.85084,91.395422,90.967832,91.667199,92.658543,93.727378,93.700014,91.583762,91.158821,89.944961,88.702109,87.634645,85.932126,84.455562,"mb01",2019,1,36.798,-121.976,"winter","winter-2019",-1.60737299919128,13.2258129119873,0.000390000001061708,238,36.75,2019-01-17 01:30:00,13.3231293299067,2019-01-17
"1499",2019-01-17 03:00:00,83.721493,85.242688,86.826446,88.192772,88.444751,88.891622,88.85348,89.119163,90.136426,91.820474,93.157178,93.909052,94.586299,95.169849,95.617728,95.711132,94.462708,91.33154,92.231078,94.281988,95.929265,97.631266,98.279312,96.939885,96.955763,95.648069,93.732242,91.227609,87.606067,84.687059,"mb01",2019,1,36.798,-121.976,"winter","winter-2019",-1.60737299919128,13.2258129119873,0.000390000001061708,238,36.75,2019-01-17 01:30:00,13.3231293299067,2019-01-17
"1500",2019-01-17 04:00:00,84.577833,86.224082,87.947836,89.140844,89.384283,89.646054,89.534377,89.687952,90.397504,91.936704,93.067648,93.672735,94.374931,95.072273,95.508896,95.43064,93.819416,89.909131,91.178961,93.11458,94.725658,96.574126,97.1107,95.38915,94.845767,92.802748,90.545733,88.272311,85.281449,82.661539,"mb01",2019,1,36.798,-121.976,"winter","winter-2019",-1.60737299919128,13.2258129119873,0.000390000001061708,238,36.75,2019-01-17 01:30:00,13.3231293299067,2019-01-17
"1501",2019-01-17 05:00:00,84.09855,85.774121,87.703812,89.093962,89.192531,89.458034,89.323493,89.512917,90.212626,91.73111,92.916289,93.448485,94.330814,95.136087,95.636548,95.67181,94.222171,90.437061,91.472842,93.160879,94.703655,96.746263,97.47842,96.043931,95.778414,93.999811,91.539243,88.732507,85.20935,82.410279,"mb01",2019,1,36.798,-121.976,"winter","winter-2019",NA,NA,NA,NA,NA,NA,NA,2019-01-17
"1502",2019-01-17 06:00:00,79.522874,80.388479,82.170563,83.796998,84.082459,83.996114,83.58105,83.690062,84.51021,86.365391,87.033997,87.38754,88.134622,88.809396,89.210585,89.014535,87.608013,83.815125,84.760969,86.124425,87.843861,89.51269,89.648244,88.04693,88.347162,87.689489,86.868154,86.462986,85.891357,85.292672,"mb01",2019,1,36.798,-121.976,"winter","winter-2019",NA,NA,NA,NA,NA,NA,NA,2019-01-17
"1503",2019-01-17 07:00:00,79.67191,79.781777,80.67627,83.062891,84.514036,83.474189,82.359546,81.896817,82.582114,84.565194,84.95697,85.340838,86.103306,86.844341,87.215387,87.020564,85.403139,82.379477,83.995048,84.936147,86.146168,87.468328,87.470121,85.718388,85.971658,85.403814,84.796095,84.386632,83.626367,82.986455,"mb01",2019,1,36.798,-121.976,"winter","winter-2019",NA,NA,NA,NA,NA,NA,NA,2019-01-17
"1504",2019-01-17 08:00:00,80.694391,80.909765,82.288484,85.118355,86.073572,85.311096,83.375932,82.842115,83.464197,85.112458,85.3926,85.649626,86.462173,87.292395,87.779793,87.691022,86.226606,83.2904,85.023355,86.089622,87.197807,88.295974,88.171356,86.331722,86.571088,85.981369,85.373905,84.959099,84.171115,83.495127,"mb01",2019,1,36.798,-121.976,"winter","winter-2019",5.58756351470947,9.80269050598145,0.000302000000374392,238,36.75,2019-01-17 07:30:00,11.2833331594423,2019-01-17
"1505",2019-01-17 09:00:00,80.323912,80.049408,80.981951,82.826281,83.029368,82.961879,81.688269,81.678242,82.635648,84.545388,84.581901,84.850338,85.706658,86.542728,87.009422,86.985449,85.808049,82.876857,84.593377,85.802624,86.669214,87.592406,87.437763,85.626908,85.884262,85.313318,84.727991,84.324852,83.570256,82.940565,"mb01",2019,1,36.798,-121.976,"winter","winter-2019",5.58756351470947,9.80269050598145,0.000302000000374392,238,36.75,2019-01-17 07:30:00,11.2833331594423,2019-01-17
"1506",2019-01-17 10:00:00,77.640444,77.355256,78.053332,79.952168,80.418267,80.862714,80.295889,80.620928,81.928076,84.176371,84.089984,84.298509,85.087799,85.979377,86.444595,86.373201,84.942211,82.107578,83.875708,85.109298,86.088417,87.096799,86.950651,85.183499,85.398433,84.831205,84.267791,83.898455,83.245315,82.924293,"mb01",2019,1,36.798,-121.976,"winter","winter-2019",5.58756351470947,9.80269050598145,0.000302000000374392,238,36.75,2019-01-17 07:30:00,11.2833331594423,2019-01-17
"1507",2019-01-17 11:00:00,77.256913,77.566059,78.651996,80.228202,79.903457,80.08845,79.826965,79.958686,81.417662,83.964248,83.806479,83.993587,84.795153,85.610814,86.123768,86.229607,85.8239,85.012204,84.844432,84.623677,84.85333,85.812128,86.143171,84.762541,84.951079,84.404401,83.863592,83.504855,82.933127,85.084828,"mb01",2019,1,36.798,-121.976,"winter","winter-2019",NA,NA,NA,NA,NA,NA,NA,2019-01-17
"1508",2019-01-17 12:00:00,77.008481,77.901744,79.201615,80.993287,80.489548,80.431114,79.831301,79.48507,81.076513,83.864907,83.432811,83.503921,84.241872,85.042383,85.629739,85.593581,85.05586,83.460618,82.403749,82.923282,84.283616,85.556034,85.676894,84.054873,84.331978,83.813111,83.274631,82.921632,82.271012,82.090791,"mb01",2019,1,36.798,-121.976,"winter","winter-2019",NA,NA,NA,NA,NA,NA,NA,2019-01-17
"1509",2019-01-17 13:00:00,76.364117,76.819031,78.748877,80.344784,79.957067,79.712012,79.140748,79.434018,80.726074,83.903464,83.292115,83.30648,84.349291,85.648334,86.511803,86.382548,86.024009,85.231255,84.281384,83.387867,84.315116,85.803672,85.823295,84.09487,84.256266,83.659095,83.073391,82.741161,82.092664,82.421772,"mb01",2019,1,36.798,-121.976,"winter","winter-2019",NA,NA,NA,NA,NA,NA,NA,2019-01-17
"1510",2019-01-17 14:00:00,78.373656,80.035324,82.144645,81.794109,80.695818,80.148519,78.225388,78.224331,79.721965,82.862297,82.448082,82.60546,83.614487,85.427658,87.328187,87.065047,86.586797,85.618642,83.809076,82.924151,84.222995,85.494506,85.270767,83.459958,83.619103,83.052998,82.480158,82.142204,81.478817,81.091615,"mb01",2019,1,36.798,-121.976,"winter","winter-2019",5.10883808135986,6.15791034698486,1.99999994947575e-05,238,36.75,2019-01-17 13:30:00,8.0012553004548,2019-01-17
"1511",2019-01-17 15:00:00,85.966434,88.412667,90.879227,90.330969,85.122545,83.584727,81.744894,80.557637,80.261749,80.868039,81.409715,82.009629,83.010932,83.788103,84.363704,84.622781,84.655696,84.193274,84.077321,83.715339,83.682789,84.087585,84.107904,82.991482,83.257498,82.68354,82.17561,81.900281,81.327815,80.868175,"mb01",2019,1,36.798,-121.976,"winter","winter-2019",5.10883808135986,6.15791034698486,1.99999994947575e-05,238,36.75,2019-01-17 13:30:00,8.0012553004548,2019-01-17
"1512",2019-01-17 16:00:00,84.595494,84.340236,87.530888,85.775519,89.186489,88.759517,88.001854,89.93857,89.05334,88.633241,87.656996,87.137248,87.097581,87.409772,87.999074,88.083664,88.216711,87.989792,87.610743,87.198678,87.236426,87.964228,87.60427,85.972956,86.054094,85.436132,84.751191,84.281576,83.493647,82.843688,"mb01",2019,1,36.798,-121.976,"winter","winter-2019",5.10883808135986,6.15791034698486,1.99999994947575e-05,238,36.75,2019-01-17 13:30:00,8.0012553004548,2019-01-17
"1513",2019-01-17 17:00:00,92.087063,90.327529,88.833819,90.591974,90.70257,87.251124,85.111255,85.705933,85.608099,85.745261,86.019796,85.724912,86.294053,87.20286,87.702065,88.017955,88.161732,87.722482,87.442061,86.979429,87.020024,87.717506,87.391351,85.658561,85.854443,85.25286,84.628541,84.224188,83.473621,82.870718,"mb01",2019,1,36.798,-121.976,"winter","winter-2019",NA,NA,NA,NA,NA,NA,NA,2019-01-17
"1514",2019-01-17 18:00:00,90.658581,89.566932,88.270242,89.848995,87.582794,85.428026,85.382675,84.735219,84.059411,83.989733,83.584996,83.477625,84.120025,84.853734,85.487558,85.709555,85.679177,85.261355,85.226752,84.85493,84.919061,85.591575,85.425931,83.799892,84.04205,83.521505,82.980602,82.584762,81.912164,81.392352,"mb01",2019,1,36.798,-121.976,"winter","winter-2019",NA,NA,NA,NA,NA,NA,NA,2019-01-17
"1515",2019-01-17 19:00:00,79.465348,80.06318,82.534833,84.774659,84.032638,83.196754,82.263362,81.751998,80.457766,79.62045,79.68239,80.367026,81.099836,81.751556,82.139065,82.031721,81.746173,81.247554,81.09796,80.698668,80.682065,81.414724,81.255115,79.928371,80.175154,79.73926,79.278032,78.990546,78.437543,78.103345,"mb01",2019,1,36.798,-121.976,"winter","winter-2019",NA,NA,NA,NA,NA,NA,NA,2019-01-17
"1516",2019-01-17 20:00:00,79.69205,80.282168,81.143854,82.770895,82.473537,82.51731,81.779949,81.680064,81.047673,81.287661,82.33679,83.305038,83.832487,84.155694,84.334277,83.673327,83.164147,82.70096,82.522258,82.15138,82.200806,82.914781,82.791443,81.346787,81.646176,81.19936,80.723951,80.410231,79.816575,79.419497,"mb01",2019,1,36.798,-121.976,"winter","winter-2019",4.44659662246704,3.91208744049072,7.999999797903e-05,238,36.75,2019-01-17 19:30:00,5.92255431929337,2019-01-17
"1517",2019-01-17 21:00:00,79.447059,80.106997,82.023766,82.59603,84.124292,83.927075,83.365139,84.170424,83.832445,84.733687,86.384398,87.65528,87.670654,87.482826,87.24408,85.386148,83.920305,83.184661,82.740814,82.217439,82.187697,82.989823,82.839752,81.404365,81.657583,81.161116,80.640714,80.344263,79.756243,79.365419,"mb01",2019,1,36.798,-121.976,"winter","winter-2019",4.44659662246704,3.91208744049072,7.999999797903e-05,238,36.75,2019-01-17 19:30:00,5.92255431929337,2019-01-17
"1518",2019-01-17 22:00:00,80.294921,81.171735,87.951856,85.702632,89.254762,89.484233,89.216605,90.569629,89.687739,89.872012,90.701323,91.730036,91.665263,91.073814,90.884269,88.722642,87.073426,86.737731,85.758026,85.392303,85.345828,85.758551,85.549441,84.182523,84.53044,84.097267,83.344253,82.642268,81.810746,81.053981,"mb01",2019,1,36.798,-121.976,"winter","winter-2019",4.44659662246704,3.91208744049072,7.999999797903e-05,238,36.75,2019-01-17 19:30:00,5.92255431929337,2019-01-17
"1519",2019-01-17 23:00:00,79.516198,80.373774,82.658153,82.542448,84.115223,84.527471,84.135923,84.598421,86.4546,88.415354,90.98887,92.800575,92.877239,91.707272,91.266734,88.068292,84.252198,83.033653,82.675378,82.293443,82.303429,83.052763,82.870687,81.451183,81.831133,81.373827,80.835151,80.590545,79.970856,79.522455,"mb01",2019,1,36.798,-121.976,"winter","winter-2019",NA,NA,NA,NA,NA,NA,NA,2019-01-17
"1520",2019-01-18,79.761652,81.016735,81.834535,82.566034,83.804527,84.310855,83.201488,83.823369,86.658562,89.003431,91.746125,93.718054,93.966275,92.591015,91.91861,88.401558,83.370376,81.598153,81.113449,80.648913,80.527195,81.158388,81.010122,79.802564,80.186054,79.766531,79.304806,79.069205,78.555215,78.213354,"mb01",2019,1,36.798,-121.976,"winter","winter-2019",NA,NA,NA,NA,NA,NA,NA,2019-01-18
"1521",2019-01-18 01:00:00,79.570936,80.573978,81.739838,83.05932,85.12823,85.428887,83.60436,84.014733,86.868967,89.760602,92.152528,93.995435,93.831529,91.982158,90.679582,85.871098,79.397347,77.30369,76.633154,76.766232,77.543987,78.543366,78.578859,77.329373,77.575472,77.31516,76.998538,76.756396,76.31931,76.046553,"mb01",2019,1,36.798,-121.976,"winter","winter-2019",NA,NA,NA,NA,NA,NA,NA,2019-01-18
"1522",2019-01-18 02:00:00,79.088742,79.543832,80.304105,81.275021,82.519846,83.163336,82.55664,83.627567,86.293091,88.841273,91.193296,92.910141,92.465922,90.132956,87.55372,81.597371,76.601118,73.670823,73.302438,75.849751,76.630549,77.31275,77.255774,76.09977,76.390893,76.270527,76.029807,75.8633,75.498159,75.308758,"mb01",2019,1,36.798,-121.976,"winter","winter-2019",3.73963737487793,4.03790521621704,6.1999999161344e-05,238,36.75,2019-01-18 01:30:00,5.50359575466228,2019-01-18
"1523",2019-01-18 03:00:00,78.878013,79.75124,80.981487,82.471539,83.4959,83.897235,82.815224,83.343838,85.326449,87.661151,90.108143,92.044406,91.692234,89.720007,87.435087,82.338387,76.488775,72.846122,75.629495,77.91674,78.477553,79.239312,79.143363,77.818115,78.120438,77.815048,77.477473,77.26693,76.827715,76.69279,"mb01",2019,1,36.798,-121.976,"winter","winter-2019",3.73963737487793,4.03790521621704,6.1999999161344e-05,238,36.75,2019-01-18 01:30:00,5.50359575466228,2019-01-18
"1524",2019-01-18 04:00:00,79.434145,80.267766,81.929292,83.469649,84.049513,84.848034,83.767377,83.422617,84.296449,85.918457,88.206678,90.29633,90.033141,87.98161,85.610537,80.2857,73.969881,72.122862,74.022752,75.90561,76.603882,77.638245,77.63101,76.25301,76.395944,76.217392,75.968164,75.823535,75.587333,76.676302,"mb01",2019,1,36.798,-121.976,"winter","winter-2019",3.73963737487793,4.03790521621704,6.1999999161344e-05,238,36.75,2019-01-18 01:30:00,5.50359575466228,2019-01-18
"1525",2019-01-18 05:00:00,79.37087,79.941607,81.929266,84.030585,84.257368,84.26678,82.978535,82.751339,82.890733,83.956039,85.530944,87.464643,87.226985,84.843749,81.396649,74.588115,69.299624,68.346377,68.485081,69.532348,69.929582,70.751296,71.396803,71.430377,71.352676,71.710802,71.968017,72.100907,72.287782,72.653443,"mb01",2019,1,36.798,-121.976,"winter","winter-2019",NA,NA,NA,NA,NA,NA,NA,2019-01-18
"1526",2019-01-18 06:00:00,78.443143,79.058393,80.976937,83.978413,82.80315,82.515838,82.06494,81.848131,81.60077,82.024946,82.917924,84.591352,84.393866,82.440264,80.151673,74.754106,69.20739,68.05956,68.064872,68.709114,69.088119,69.984367,70.830491,70.879034,70.849265,71.24155,71.525619,71.725389,72.018367,72.595935,"mb01",2019,1,36.798,-121.976,"winter","winter-2019",NA,NA,NA,NA,NA,NA,NA,2019-01-18
"1527",2019-01-18 07:00:00,78.213747,79.017423,80.583014,83.184376,82.230046,81.855241,81.515514,81.698439,80.988294,81.126869,80.939551,82.026393,81.503858,79.673053,76.887599,71.786383,67.849375,67.328836,67.355319,67.947296,68.205601,68.932949,69.957948,70.351425,70.420024,70.894557,71.236935,71.487259,71.834064,72.324762,"mb01",2019,1,36.798,-121.976,"winter","winter-2019",NA,NA,NA,NA,NA,NA,NA,2019-01-18
"1528",2019-01-18 08:00:00,78.125835,78.657545,79.836674,82.104568,81.210458,81.24771,81.163064,81.235762,80.787749,80.851589,79.672112,79.931813,79.514721,78.174152,76.033878,72.0682,68.370483,67.22822,66.931876,67.301154,67.781007,68.649983,69.883728,70.502001,70.456249,70.837317,71.173194,71.461502,71.882809,72.991912,"mb01",2019,1,36.798,-121.976,"winter","winter-2019",1.22359621524811,0.0818872079253197,4.50000006821938e-05,238,36.75,2019-01-18 07:30:00,1.22633323888383,2019-01-18
"1529",2019-01-18 09:00:00,78.485649,79.307148,79.932558,81.681863,81.145854,81.189402,80.939618,81.042699,80.856027,81.261005,79.503284,78.903597,78.271846,76.984981,75.165443,71.986223,69.608706,68.450281,67.891333,68.355029,69.357794,70.666787,72.40739,72.483801,71.839005,71.626067,71.817438,72.012421,72.395505,73.927258,"mb01",2019,1,36.798,-121.976,"winter","winter-2019",1.22359621524811,0.0818872079253197,4.50000006821938e-05,238,36.75,2019-01-18 07:30:00,1.22633323888383,2019-01-18
"1530",2019-01-18 10:00:00,78.365859,78.737967,79.203031,80.941455,80.843802,81.012636,80.931587,81.082654,80.764544,81.659376,79.480073,78.19875,77.610131,76.442504,74.895958,73.026442,71.912267,70.259215,69.348985,71.30858,73.787412,74.69358,77.84776,78.366215,78.392928,76.110181,74.87573,74.122197,74.119352,74.659191,"mb01",2019,1,36.798,-121.976,"winter","winter-2019",1.22359621524811,0.0818872079253197,4.50000006821938e-05,238,36.75,2019-01-18 07:30:00,1.22633323888383,2019-01-18
"1531",2019-01-18 11:00:00,77.775473,77.814619,78.590325,80.920841,80.612529,80.898974,81.230606,81.448725,81.063082,82.056264,79.748937,78.193473,77.697487,76.952066,75.764507,74.791824,74.33722,72.28796,71.841385,74.112392,76.724951,77.361551,79.751189,80.241003,80.355231,77.883566,76.610739,75.766939,75.495237,76.051375,"mb01",2019,1,36.798,-121.976,"winter","winter-2019",NA,NA,NA,NA,NA,NA,NA,2019-01-18
"1532",2019-01-18 12:00:00,77.424387,77.521556,78.627414,80.538818,80.3408,80.414814,80.871093,81.494415,81.322045,82.497033,79.845106,78.171409,77.57126,76.790077,75.793322,74.291934,73.070492,71.717787,72.031258,74.069752,76.334988,77.173121,78.950716,79.187566,79.596973,77.483934,75.972857,75.260315,74.865131,74.926601,"mb01",2019,1,36.798,-121.976,"winter","winter-2019",NA,NA,NA,NA,NA,NA,NA,2019-01-18
"1533",2019-01-18 13:00:00,77.239263,77.765622,79.688603,84.492623,82.102211,81.159235,80.773549,80.929242,81.056576,82.150658,80.131436,77.884739,77.114903,77.169588,78.160997,76.651401,74.937088,74.812136,75.583529,76.601473,76.616944,75.001106,74.934425,74.368881,73.792294,72.931218,72.670118,72.655658,72.73941,73.048984,"mb01",2019,1,36.798,-121.976,"winter","winter-2019",NA,NA,NA,NA,NA,NA,NA,2019-01-18
"1534",2019-01-18 14:00:00,77.969954,80.841013,84.933757,92.302676,88.164926,85.694343,83.507678,81.677441,81.355406,81.33498,79.669713,77.969565,77.637805,80.107174,81.936838,78.721838,75.76527,75.007124,73.857632,72.303787,72.823071,72.354005,72.601047,73.512368,72.552438,72.231205,72.056421,71.92068,72.04137,72.453791,"mb01",2019,1,36.798,-121.976,"winter","winter-2019",-2.46370363235474,0.420883774757385,0,238,36.75,2019-01-18 13:30:00,2.49939567494464,2019-01-18
"1535",2019-01-18 15:00:00,77.444455,78.31687,79.935885,82.250244,81.274911,82.308037,81.675235,81.320526,82.985259,80.291729,79.343707,77.75384,75.999463,74.937841,73.622679,72.358678,71.892575,71.373057,70.734889,70.422648,70.456971,70.869726,71.680308,72.305483,72.200496,72.041563,72.079042,72.142823,72.324147,72.676687,"mb01",2019,1,36.798,-121.976,"winter","winter-2019",-2.46370363235474,0.420883774757385,0,238,36.75,2019-01-18 13:30:00,2.49939567494464,2019-01-18
"1536",2019-01-18 16:00:00,77.299356,77.724642,78.559863,79.881624,79.152202,81.145251,80.181811,80.714943,81.974015,80.968763,79.362178,77.539941,75.943189,75.00603,73.990437,73.205973,72.707583,72.063119,71.191575,70.976982,70.99623,71.651997,72.86089,73.284691,72.692509,72.322375,72.224235,72.163449,72.310796,72.634933,"mb01",2019,1,36.798,-121.976,"winter","winter-2019",-2.46370363235474,0.420883774757385,0,238,36.75,2019-01-18 13:30:00,2.49939567494464,2019-01-18
"1537",2019-01-18 17:00:00,77.750669,78.608278,79.038235,79.754594,79.518247,80.987249,81.506326,82.993049,85.649083,82.645495,80.821773,80.458032,78.430872,77.286972,76.466683,75.4297,74.649814,75.193976,74.101222,73.403429,73.372649,74.727314,75.319248,74.981547,73.9432,73.336266,73.036846,72.824052,72.793325,73.163515,"mb01",2019,1,36.798,-121.976,"winter","winter-2019",NA,NA,NA,NA,NA,NA,NA,2019-01-18
"1538",2019-01-18 18:00:00,78.138004,78.379123,78.525032,79.535045,78.672239,79.738471,79.825847,81.456092,83.180508,81.652587,81.099414,80.329397,78.916884,78.162144,77.710808,76.539178,76.222293,76.158069,75.465321,75.430403,76.08563,77.714145,78.78609,78.375603,77.749866,77.635846,76.681418,75.499382,74.287706,73.259673,"mb01",2019,1,36.798,-121.976,"winter","winter-2019",NA,NA,NA,NA,NA,NA,NA,2019-01-18
"1539",2019-01-18 19:00:00,78.73934,79.523069,79.322084,79.512395,78.431575,78.76127,79.522298,80.616408,82.296276,82.552813,82.857559,82.875148,82.126559,81.569985,81.031588,77.726458,73.998164,72.219134,70.859158,70.537056,69.87786,70.760351,72.021963,72.845252,72.057466,72.119073,71.943166,71.893473,72.022542,72.365682,"mb01",2019,1,36.798,-121.976,"winter","winter-2019",NA,NA,NA,NA,NA,NA,NA,2019-01-18
"1540",2019-01-18 20:00:00,78.96879,79.849988,79.53563,79.881295,78.625478,79.208473,79.182295,80.592599,82.745994,83.727761,84.759012,85.666095,85.208225,84.902904,84.469374,80.63372,74.668753,72.055746,70.425897,69.266595,68.572103,69.728692,71.078047,71.679753,71.191663,71.157757,71.231427,71.366599,71.683091,72.172759,"mb01",2019,1,36.798,-121.976,"winter","winter-2019",-0.241870120167732,-0.0387060530483723,0,238,36.75,2019-01-18 19:30:00,0.244947573110118,2019-01-18
"1541",2019-01-18 21:00:00,79.674803,80.138404,80.408516,80.786587,79.303534,79.426779,78.907973,80.766135,84.10077,85.549623,87.59104,89.059715,88.767044,88.221635,87.840352,83.906075,77.142417,73.849569,71.415617,70.080668,69.062178,70.12759,71.381648,71.952597,71.380694,71.21038,71.233049,71.333546,71.662579,72.170628,"mb01",2019,1,36.798,-121.976,"winter","winter-2019",-0.241870120167732,-0.0387060530483723,0,238,36.75,2019-01-18 19:30:00,0.244947573110118,2019-01-18
"1542",2019-01-18 22:00:00,83.275292,83.535946,85.114663,85.284242,83.067169,81.690727,80.656983,82.123969,85.679745,87.682126,89.715511,91.488691,91.332348,90.492565,90.101273,86.160875,78.323094,74.279165,72.050899,70.717364,69.649299,70.673104,71.982054,72.476642,71.803191,71.843628,71.792442,71.719381,71.844031,72.237909,"mb01",2019,1,36.798,-121.976,"winter","winter-2019",-0.241870120167732,-0.0387060530483723,0,238,36.75,2019-01-18 19:30:00,0.244947573110118,2019-01-18
"1543",2019-01-18 23:00:00,82.448244,83.416011,85.81883,85.432351,83.856058,83.461576,81.401512,83.065608,86.607771,88.87942,91.400029,93.181534,93.244908,92.090438,91.578905,87.907102,81.448057,78.468209,76.253359,74.316203,72.07844,72.146387,73.330625,73.50174,72.662887,72.08013,71.638293,71.47422,71.696818,72.165823,"mb01",2019,1,36.798,-121.976,"winter","winter-2019",NA,NA,NA,NA,NA,NA,NA,2019-01-18
