<metadata><idinfo><citation><citeinfo><pubdate></pubdate><title>Cordell Bank National Marine Sanctuary Boundary (polygon)</title><edition>200412</edition><geoform Sync="TRUE">vector digital data</geoform><pubinfo><pubplace>Silver Spring, MD</pubplace><publish>NOAA / Office of National Marine Sanctuaries</publish></pubinfo><othercit>none</othercit><lworkcit><citeinfo><pubdate></pubdate><title>Office of National Marine Sanctuaries Digital Boundary Files</title><pubinfo><pubplace>Silver Spring, Maryland</pubplace><publish>NOAA / Office of National Marine Sanctuaries</publish></pubinfo><serinfo/><origin>NOAA / Office of National Marine Sanctuaries</origin><onlink>http://www.sanctuaries.noaa.gov/</onlink></citeinfo></lworkcit><ftname Sync="TRUE">cbnms_py</ftname><serinfo/><origin>NOAA / Office of National Marine Sanctuaries</origin><onlink>http://www.sanctuaries.noaa.gov/</onlink></citeinfo></citation><descript><abstract>The Office of National Marine Sanctuaries (ONMS) manages a system of sanctuaries and other
managed areas around the country.  The legal boundaries of these sanctuaries are
defined within the Code of Federal Regulations, at 15 C.F.R. Part 922 and the
subparts for each national marine sanctuary.  The GIS compatible digital boundary
files for each national marine sanctuary are representations of those legal
boundaries and are based on the best available data.  These files are available
for public use at locations defined in this metadata record.</abstract><purpose>These GIS compatible digital files are provided to promote an understanding of the
boundaries of each national marine sanctuary.  They are based on the legal
definition of each sanctuary as defined in the Code of Federal Regulations, at 15
C.F.R. Part 922 and the subparts for each national marine sanctuary.  These digital
files are not intended and should not be relied upon for use in navigation or legal
purposes.  For legal questions relating to the digital files, please contact the
ONMS at the information provided in this metadata record.</purpose><langdata Sync="TRUE">English (United States)</langdata></descript><timeperd><timeinfo><sngdate><caldate>200412</caldate></sngdate></timeinfo><current>200412</current></timeperd><status><progress>Complete</progress><update>Continually on varying schedule</update></status><spdom><bounding><westbc Sync="TRUE">-123.999880001051</westbc><eastbc Sync="TRUE">-123.08237</eastbc><northbc Sync="TRUE">38.2998900253619</northbc><southbc Sync="TRUE">37.7668698343122</southbc></bounding><lboundng><leftbc Sync="TRUE">-123.426940</leftbc><rightbc Sync="TRUE">-122.627883</rightbc><bottombc Sync="TRUE">37.494180</bottombc><topbc Sync="TRUE">38.317580</topbc></lboundng></spdom><keywords><theme><themekt>ISO 19115 Topic Category</themekt><themekey>Boundaries</themekey></theme><place><placekt>None</placekt><placekey>California</placekey><placekey>Marine</placekey><placekey>Cordell Bank</placekey><placekey>National Marine Sanctuary</placekey><placekey>NMS</placekey><placekey>Pacific Ocean</placekey><placekey>Code of Federal Regulations</placekey><placekey>marine protected area</placekey><placekey>MPA</placekey><placekey>National Marine Sanctuary</placekey><placekey>NMS</placekey><placekey>ONMS</placekey><placekey>CFR</placekey></place></keywords><accconst>To Be Determined</accconst><useconst>NOT FOR LEGAL USE</useconst><ptcontac><cntinfo><cntorgp><cntorg>NOAA / Office of National Marine Sanctuaries</cntorg><cntper>ONMS Boundary Coordinator</cntper></cntorgp><cntpos>ONMS Boundary Coordinator</cntpos><hours>9:00AM to 4:00PM EST; Monday - Friday</hours><cntvoice>(301) 713-3125</cntvoice><cntfax>(301) 713-0404</cntfax><cntemail>sanctuaries@noaa.gov</cntemail><cntaddr><addrtype>mailing and physical address</addrtype><country>United States</country><state>Maryland</state><city>Silver Spring</city><postal>20910</postal><address>N/NMS, SSMC-4</address><address>1305 East West Highway</address></cntaddr></cntinfo></ptcontac><native Sync="TRUE">Microsoft Windows 7 Version 6.1 (Build 7601) Service Pack 1; Esri ArcGIS 10.2.2.3552</native><natvform Sync="TRUE">Shapefile</natvform></idinfo><dataqual><attracc><attraccr>Attributes were standardized by feature type (point, line, and polygon)
across all sanctuary boundaries.  The values recorded for each attribute
were quality assured and believed to be accurate.</attraccr></attracc><logic>The data were topologically cleaned.</logic><complete>Where possible, the entire boundary for the sanctuary is represented by this digital file.</complete><posacc><horizpa><horizpar>Positional accuracy will vary depending on source</horizpar></horizpa><vertacc><vertaccr>Positional accuracy will vary</vertaccr></vertacc></posacc><lineage><procstep><procdesc>The geographic boundary coordinates listed within the United States
Code of Federal Regulations (CFR) were converted to decimal degrees
and a text file was created. A point coverage was then generated
using ArcInfo GIS. The coverage was projected into the Geographic
Coordinate System and overlaid on large scale nautical charts and
analyzed with additional data such as adjacent sanctuaries and
shorelines. Specific attention was given to analysis of
inconsistencies between textual descriptions and listed
coordinates. The polyline files were created using a combination of the
coordinate list from the CFR and applicable shoreline vector files. For
point files, two methods were used. If the sanctuary had a shoreline
component, a polyline to point script was used to create a point for
each vertice. If a shoreline component was not present, then the
original coordinates from the CFR were used to create a point shapefile.
Polygon files were created by converting polylines to polygons.  For
more detailed process description, please use contact information below.</procdesc><procdate>200412 </procdate><proccont><cntinfo><cntorgp><cntorg>NOAA / Office of National Marine Sanctuaries</cntorg><cntper>ONMS Boundary Coordinator</cntper></cntorgp><cntpos>ONMS Boundary Coordinator</cntpos><hours>9:00AM to 4:00PM EST; Monday - Friday</hours><cntvoice>(301) 713-3125</cntvoice><cntfax>(301) 713-0404</cntfax><cntemail>sanctuaries@noaa.gov</cntemail><cntaddr><addrtype>mailing and physical address</addrtype><country>United States</country><state>Maryland</state><city>Silver Spring</city><postal>20910</postal><address>N/NMS, SSMC-4, #11619</address><address>1305 East West Highway</address></cntaddr></cntinfo></proccont></procstep><procstep><procdesc>Metadata imported.</procdesc><procdate></procdate><srcused>C:\tempboundaries\NMSP PY Distribute 1_27_06\gfnms_py.xml</srcused><proccont><cntinfo/></proccont></procstep><srcinfo><srcscale></srcscale><typesrc>Raster Images</typesrc><srccitea>Source Nautical Chart</srccitea><srccontr>All information in Coastal Maps is derived from the Source Nautical
Chart.</srccontr><srccite><citeinfo><title>Raster Coastal Map Series Showing Hydrography and Topography
Found on NOAA's Charted Nautical Charts for All Near-Shore Geographic
Areas of the U.S.</title><pubdate></pubdate><geoform>raster digital data</geoform><othercit>Scale of source material ranges from 1:20000
to 1:80000</othercit><origin>NOAA Office of Coast Survey (OCS)</origin><onlink>http://charts.noaa.gov/</onlink><pubinfo><publish>NOAA's Ocean Service, Office of Coast Survey (OCS)</publish><pubplace>Silver Spring, MD</pubplace></pubinfo><serinfo><issue>kapp number</issue><sername>Coastal Map Series</sername></serinfo><lworkcit><citeinfo><title>Nautical Charts</title><pubdate></pubdate><geoform>raster digital data</geoform><origin>NOAA, NOS, OCS, Marine Charting Division</origin><onlink>http://charts.noaa.gov/</onlink><pubinfo><publish>NOAA's Ocean Service, Office of Coast Survey</publish><pubplace>Silver Spring, MD</pubplace></pubinfo><serinfo><issue>kapp number</issue><sername>NOAA Nautical Charts</sername></serinfo></citeinfo></lworkcit></citeinfo></srccite><srctime><srccurr>publication date</srccurr><timeinfo/></srctime></srcinfo><srcinfo><srcscale></srcscale><typesrc>online</typesrc><srccitea>15CFR922</srccitea><srccontr>The depicted shoreline of the sanctuary boundary was
derived in part from information contained within the CFR.</srccontr><srccite><citeinfo><title>Code of Federal Regulations, Title 15, Volume 3</title><pubdate>20030101</pubdate><othercit>The Code of Federal Regulations (CFR) is the codification of the
general and permanent
rules published in the Federal Register by the executive departments
and agencies
of the Federal Government.</othercit><origin>US Federal Government</origin><origin>US Department of Commerce</origin><origin>National Oceanic and Atmospheric Administration</origin><onlink>http://www.gpoaccess.gov/cfr/</onlink><pubinfo><publish>US Dept. of Commerce</publish><pubplace>Washington, DC</pubplace></pubinfo><serinfo/><lworkcit><citeinfo><title></title><pubdate></pubdate><pubinfo/><serinfo/></citeinfo></lworkcit></citeinfo></srccite><srctime><srccurr>Publication date</srccurr><timeinfo/></srctime></srcinfo></lineage></dataqual><spdoinfo><direct Sync="TRUE">Vector</direct><ptvctinf><esriterm Name="CBNMS_py"><efeatyp Sync="TRUE">Simple</efeatyp><efeageom code="4" Sync="TRUE"></efeageom><esritopo Sync="TRUE">FALSE</esritopo><efeacnt Sync="TRUE">1</efeacnt><spindex Sync="TRUE">TRUE</spindex><linrefer Sync="TRUE">FALSE</linrefer></esriterm></ptvctinf></spdoinfo><spref><horizsys><geograph><latres Sync="TRUE">0.000000</latres><longres Sync="TRUE">0.000000</longres><geogunit Sync="TRUE">Decimal degrees</geogunit></geograph><geodetic><horizdn Sync="TRUE">D_North_American_1983</horizdn><ellips Sync="TRUE">GRS_1980</ellips><semiaxis Sync="TRUE">6378137</semiaxis><denflat Sync="TRUE">298.257222</denflat></geodetic><cordsysn><geogcsn Sync="TRUE">GCS_North_American_1983</geogcsn></cordsysn></horizsys></spref><eainfo><detailed Name="CBNMS_py"><enttyp><enttypl>CBNMS_py</enttypl><enttypt>Feature Class</enttypt><enttypc>1</enttypc><enttypd></enttypd><enttypds></enttypds></enttyp><attr><attrlabl>FID</attrlabl><attalias>FID</attalias><attrdef>Internal feature number.</attrdef><attrdefs>ESRI</attrdefs><attrtype>OID</attrtype><attwidth>4</attwidth><atprecis>0</atprecis><attscale>0</attscale><attrdomv><udom>Sequential unique whole numbers that are automatically generated.</udom></attrdomv><begdatea></begdatea></attr><attr><attrlabl>Shape</attrlabl><attalias>Shape</attalias><attrdef>Feature geometry.</attrdef><attrdefs>ESRI</attrdefs><attrtype>Geometry</attrtype><attwidth>0</attwidth><atprecis>0</atprecis><attscale>0</attscale><attrdomv><udom>Coordinates defining the features.</udom></attrdomv><begdatea></begdatea></attr><attr><attrlabl Sync="TRUE">SANCTUARY</attrlabl><attalias Sync="TRUE">SANCTUARY</attalias><attrtype Sync="TRUE">String</attrtype><attwidth Sync="TRUE">25</attwidth><atprecis Sync="TRUE">0</atprecis><attscale Sync="TRUE">0</attscale></attr><attr><attrlabl Sync="TRUE">DATUM</attrlabl><attalias Sync="TRUE">DATUM</attalias><attrtype Sync="TRUE">String</attrtype><attwidth Sync="TRUE">25</attwidth><atprecis Sync="TRUE">0</atprecis><attscale Sync="TRUE">0</attscale></attr><attr><attrlabl Sync="TRUE">POLY_ID</attrlabl><attalias Sync="TRUE">POLY_ID</attalias><attrtype Sync="TRUE">SmallInteger</attrtype><attwidth Sync="TRUE">4</attwidth><atprecis Sync="TRUE">4</atprecis><attscale Sync="TRUE">0</attscale></attr><attr><attrlabl Sync="TRUE">ACRES</attrlabl><attalias Sync="TRUE">ACRES</attalias><attrtype Sync="TRUE">Double</attrtype><attwidth Sync="TRUE">16</attwidth><atprecis Sync="TRUE">15</atprecis><attscale Sync="TRUE">4</attscale></attr><attr><attrlabl Sync="TRUE">AREA_SM</attrlabl><attalias Sync="TRUE">AREA_SM</attalias><attrtype Sync="TRUE">Double</attrtype><attwidth Sync="TRUE">16</attwidth><atprecis Sync="TRUE">15</atprecis><attscale Sync="TRUE">4</attscale></attr><attr><attrlabl Sync="TRUE">AREA_NAME</attrlabl><attalias Sync="TRUE">AREA_NAME</attalias><attrtype Sync="TRUE">String</attrtype><attwidth Sync="TRUE">16</attwidth><atprecis Sync="TRUE">0</atprecis><attscale Sync="TRUE">0</attscale></attr><attr><attrlabl Sync="TRUE">AREA_KM</attrlabl><attalias Sync="TRUE">AREA_KM</attalias><attrtype Sync="TRUE">Double</attrtype><attwidth Sync="TRUE">16</attwidth><atprecis Sync="TRUE">15</atprecis><attscale Sync="TRUE">4</attscale></attr><attr><attrlabl Sync="TRUE">AREA_NM</attrlabl><attalias Sync="TRUE">AREA_NM</attalias><attrtype Sync="TRUE">Double</attrtype><attwidth Sync="TRUE">16</attwidth><atprecis Sync="TRUE">15</atprecis><attscale Sync="TRUE">4</attscale></attr><attr><attrlabl>Area_SQMI</attrlabl><attalias>Area_SQMI</attalias><attrdef></attrdef><attrdefs></attrdefs><attrtype>Double</attrtype><attwidth>13</attwidth><atprecis>12</atprecis><attscale>5</attscale><begdatea></begdatea></attr></detailed></eainfo><metainfo><metd Sync="TRUE">20060328</metd><metc><cntinfo><cntorgp><cntorg>NOAA / Office of National Marine Sanctuaries</cntorg><cntper>ONMS Boundary Coordinator</cntper></cntorgp><cntpos>ONMS Boundary Coordinator</cntpos><hours>9:00AM to 4:00PM EST; Monday - Friday</hours><cntvoice>(301) 713-3125</cntvoice><cntfax>(301) 713-0404</cntfax><cntemail>sanctuaries@noaa.gov</cntemail><cntaddr><addrtype>mailing and physical address</addrtype><country>United States</country><state>Maryland</state><city>Silver Spring</city><postal>20910</postal><address>N/NMS, SSMC-4</address><address>1305 East West Highway</address></cntaddr></cntinfo></metc><metstdn Sync="TRUE">FGDC Content Standards for Digital Geospatial Metadata</metstdn><metstdv Sync="TRUE">FGDC-STD-001-1998</metstdv><mettc Sync="TRUE">local time</mettc><metextns><onlink>http://www.esri.com/metadata/esriprof80.html</onlink><metprof>ESRI Metadata Profile</metprof></metextns><langmeta Sync="TRUE">en</langmeta><metrd></metrd><metfrd></metfrd><metac></metac><metuc></metuc><metsi><metscs></metscs><metsc></metsc><metshd></metshd></metsi></metainfo><Esri><CreaDate>20150610</CreaDate><CreaTime>08490900</CreaTime><SyncOnce>FALSE</SyncOnce><SyncDate>20150610</SyncDate><SyncTime>12321400</SyncTime><ModDate>20150610</ModDate><ModTime>12321400</ModTime><DataProperties><itemProps><itemName Sync="TRUE">new_GFNMS_poly_150317</itemName><imsContentType Sync="TRUE">002</imsContentType><nativeExtBox><westBL Sync="TRUE">-124.333500</westBL><eastBL Sync="TRUE">-122.627937</eastBL><southBL Sync="TRUE">37.494180</southBL><northBL Sync="TRUE">39.000002</northBL><exTypeCode Sync="TRUE">1</exTypeCode></nativeExtBox><itemSize Sync="TRUE">0.020</itemSize><itemLocation><linkage Sync="TRUE">file://\\AAMB-S-CLUST01\NMS-USERS\TONY.REYER\Sanctuaries\Sanctuary Boundaries\CBandGFExpansion\Final Boundaries\new_GFNMS_poly_150317.shp</linkage><protocol Sync="TRUE">Local Area Network</protocol></itemLocation></itemProps><coordRef><type Sync="TRUE">Geographic</type><geogcsn Sync="TRUE">GCS_North_American_1983</geogcsn><csUnits Sync="TRUE">Angular Unit: Degree (0.017453)</csUnits><peXml Sync="TRUE">&lt;GeographicCoordinateSystem xsi:type='typens:GeographicCoordinateSystem' xmlns:xsi='http://www.w3.org/2001/XMLSchema-instance' xmlns:xs='http://www.w3.org/2001/XMLSchema' xmlns:typens='http://www.esri.com/schemas/ArcGIS/10.1'&gt;&lt;WKT&gt;GEOGCS[&amp;quot;GCS_North_American_1983&amp;quot;,DATUM[&amp;quot;D_North_American_1983&amp;quot;,SPHEROID[&amp;quot;GRS_1980&amp;quot;,6378137.0,298.257222101]],PRIMEM[&amp;quot;Greenwich&amp;quot;,0.0],UNIT[&amp;quot;Degree&amp;quot;,0.0174532925199433],AUTHORITY[&amp;quot;EPSG&amp;quot;,4269]]&lt;/WKT&gt;&lt;XOrigin&gt;-400&lt;/XOrigin&gt;&lt;YOrigin&gt;-400&lt;/YOrigin&gt;&lt;XYScale&gt;11258999068426.238&lt;/XYScale&gt;&lt;ZOrigin&gt;-100000&lt;/ZOrigin&gt;&lt;ZScale&gt;10000&lt;/ZScale&gt;&lt;MOrigin&gt;-100000&lt;/MOrigin&gt;&lt;MScale&gt;10000&lt;/MScale&gt;&lt;XYTolerance&gt;8.9831528411952133e-009&lt;/XYTolerance&gt;&lt;ZTolerance&gt;0.001&lt;/ZTolerance&gt;&lt;MTolerance&gt;0.001&lt;/MTolerance&gt;&lt;HighPrecision&gt;true&lt;/HighPrecision&gt;&lt;LeftLongitude&gt;-180&lt;/LeftLongitude&gt;&lt;WKID&gt;4269&lt;/WKID&gt;&lt;LatestWKID&gt;4269&lt;/LatestWKID&gt;&lt;/GeographicCoordinateSystem&gt;</peXml></coordRef></DataProperties><ArcGISFormat>1.0</ArcGISFormat><ArcGISstyle>XTools Pro Metadata</ArcGISstyle></Esri><dataIdInfo><envirDesc Sync="TRUE">Microsoft Windows 7 Version 6.1 (Build 7601) Service Pack 1; Esri ArcGIS 10.2.2.3552</envirDesc><dataLang><languageCode Sync="TRUE" value="eng"></languageCode><countryCode value="USA" Sync="TRUE"></countryCode></dataLang><idCitation><resTitle Sync="TRUE">new_GFNMS_poly_150317</resTitle><presForm><PresFormCd Sync="TRUE" value="005"></PresFormCd></presForm></idCitation><spatRpType><SpatRepTypCd Sync="TRUE" value="001"></SpatRepTypCd></spatRpType><dataExt><geoEle><GeoBndBox esriExtentType="native"><westBL Sync="TRUE">-123.42694</westBL><eastBL Sync="TRUE">-122.627883</eastBL><northBL Sync="TRUE">38.31758</northBL><southBL Sync="TRUE">37.49418</southBL><exTypeCode Sync="TRUE">1</exTypeCode></GeoBndBox></geoEle></dataExt><geoBox esriExtentType="decdegrees"><westBL Sync="TRUE">-123.42694</westBL><eastBL Sync="TRUE">-122.627883</eastBL><northBL Sync="TRUE">38.31758</northBL><southBL Sync="TRUE">37.49418</southBL><exTypeCode Sync="TRUE">1</exTypeCode></geoBox><dataExt><geoEle><GeoBndBox esriExtentType="search"><exTypeCode Sync="TRUE">1</exTypeCode><westBL Sync="TRUE">-124.333500</westBL><eastBL Sync="TRUE">-122.627937</eastBL><northBL Sync="TRUE">39.000002</northBL><southBL Sync="TRUE">37.494180</southBL></GeoBndBox></geoEle></dataExt></dataIdInfo><mdLang><languageCode Sync="TRUE" value="eng"></languageCode><countryCode value="USA" Sync="TRUE"></countryCode></mdLang><mdStanName Sync="TRUE">ISO 19115 Geographic Information - Metadata</mdStanName><mdStanVer Sync="TRUE">DIS_ESRI1.0</mdStanVer><mdChar><CharSetCd Sync="TRUE" value="006"></CharSetCd></mdChar><mdHrLv><ScopeCd Sync="TRUE" value="005"></ScopeCd></mdHrLv><mdHrLvName Sync="TRUE">dataset</mdHrLvName><distInfo><distributor><distorTran><onLineSrc><orDesc Sync="TRUE">002</orDesc><linkage Sync="TRUE">file://\\AAMB-L-1472672\C$\tempboundaries\NMSP PY Distribute 1_27_06\gfnms_py.shp</linkage><protocol Sync="TRUE">Local Area Network</protocol></onLineSrc><transSize Sync="TRUE">0.077</transSize></distorTran><distorFormat><formatName Sync="TRUE">Shapefile</formatName></distorFormat></distributor><distFormat><formatName Sync="TRUE">Shapefile</formatName></distFormat><distTranOps><transSize Sync="TRUE">0.020</transSize></distTranOps></distInfo><refSysInfo><RefSystem><refSysID><identCode Sync="TRUE" code="4269">GCS_North_American_1983</identCode><idCodeSpace Sync="TRUE">EPSG</idCodeSpace><idVersion Sync="TRUE">8.2.6</idVersion></refSysID></RefSystem></refSysInfo><spatRepInfo><VectSpatRep><geometObjs Name="CBNMS_py"><geoObjTyp><GeoObjTypCd value="002" Sync="TRUE"></GeoObjTypCd></geoObjTyp><geoObjCnt Sync="TRUE">1</geoObjCnt></geometObjs><topLvl><TopoLevCd value="001" Sync="TRUE"></TopoLevCd></topLvl></VectSpatRep></spatRepInfo><mdDateSt Sync="TRUE">20150402</mdDateSt><distinfo><resdesc>Downloadable Data</resdesc><distliab>Users must assume responisibility to determine the appropriate use of Thesee data.  These boundaries are not to be used as LEGAL definitions.  The boundaries are created with the most recent and accurate  boundary information available, but the edges and/or borders of the boundaries may change due to the natural land changes, site boundary modification or higher resolution maps.  Therefore, the currency or accuracy of Thesee boundaries cannot be guaranteed.</distliab><custom>Cordell Bank National Marine Sanctuary Digital Boundary File (gfnms_py.shp)

Digital boundry files are available for public consumption from the National Marine Sanctuary Program through their internet site.  Because URL addresses and pages change, the actual data URL is not listed here, but will be searchable within the site (http://sanctuaries.noaa.gov)  Requests may also be made through the NMSP Boundary Coordinator.  See Distributor Contact Information for contact details.</custom><techpreq></techpreq><distrib><cntinfo><cntorgp><cntorg>NOAA / Office of National Marine Sanctuaries</cntorg><cntper>ONMS Boundary Coordinator</cntper></cntorgp><cntpos>ONMS Boundary Coordinator</cntpos><hours>9:00AM to 4:00PM EST; Monday - Friday</hours><cntvoice>(301) 713-3125</cntvoice><cntfax>(301) 713-0404</cntfax><cntemail>sanctuaries@noaa.gov</cntemail><cntaddr><addrtype>mailing and physical address</addrtype><country>United States</country><state>Maryland</state><city>Silver Spring</city><postal>20910</postal><address>N/NMS, SSMC-4</address><address>1305 East West Highway</address></cntaddr></cntinfo></distrib><availabl><obsolete></obsolete><timeinfo/></availabl><stdorder><fees></fees><ordering></ordering><turnarnd></turnarnd><digform><digtinfo><transize>0.077</transize><dssize>0.077</dssize><formname></formname></digtinfo></digform></stdorder></distinfo></metadata>
