<?xml version="1.0" encoding="UTF-8"?>
<metadata xml:lang="en"><Esri><CreaDate>20240514</CreaDate><CreaTime>08562900</CreaTime><ArcGISFormat>1.0</ArcGISFormat><ArcGISstyle>FGDC CSDGM Metadata</ArcGISstyle><SyncOnce>FALSE</SyncOnce><DataProperties><itemProps><itemName Sync="TRUE">NOAA_MayProposal_05062024</itemName><imsContentType Sync="TRUE" export="False">002</imsContentType><nativeExtBox><westBL Sync="TRUE">-122.172108</westBL><eastBL Sync="TRUE">-120.226342</eastBL><southBL Sync="TRUE">33.823188</southBL><northBL Sync="TRUE">35.554830</northBL><exTypeCode Sync="TRUE">1</exTypeCode></nativeExtBox><itemSize Sync="TRUE">0.000</itemSize><itemLocation><linkage Sync="TRUE">file://\\WCR-L-1698715\C$\Users\kirsten.white\Desktop\CHNMS Mapping\Boundaries\May Proposal 2024\NOAA_MayProposal_05062024.shp</linkage><protocol Sync="TRUE">Local Area Network</protocol></itemLocation></itemProps><coordRef><type Sync="TRUE">Geographic</type><geogcsn Sync="TRUE">GCS_North_American_1983</geogcsn><csUnits Sync="TRUE">Angular Unit: Degree (0.017453)</csUnits><peXml Sync="TRUE">&lt;GeographicCoordinateSystem xsi:type='typens:GeographicCoordinateSystem' xmlns:xsi='http://www.w3.org/2001/XMLSchema-instance' xmlns:xs='http://www.w3.org/2001/XMLSchema' xmlns:typens='http://www.esri.com/schemas/ArcGIS/3.1.0'&gt;&lt;WKT&gt;GEOGCS[&amp;quot;GCS_North_American_1983&amp;quot;,DATUM[&amp;quot;D_North_American_1983&amp;quot;,SPHEROID[&amp;quot;GRS_1980&amp;quot;,6378137.0,298.257222101]],PRIMEM[&amp;quot;Greenwich&amp;quot;,0.0],UNIT[&amp;quot;Degree&amp;quot;,0.0174532925199433],AUTHORITY[&amp;quot;EPSG&amp;quot;,4269]]&lt;/WKT&gt;&lt;XOrigin&gt;-400&lt;/XOrigin&gt;&lt;YOrigin&gt;-400&lt;/YOrigin&gt;&lt;XYScale&gt;11258999068426.238&lt;/XYScale&gt;&lt;ZOrigin&gt;-100000&lt;/ZOrigin&gt;&lt;ZScale&gt;10000&lt;/ZScale&gt;&lt;MOrigin&gt;-100000&lt;/MOrigin&gt;&lt;MScale&gt;10000&lt;/MScale&gt;&lt;XYTolerance&gt;8.983152841195215e-09&lt;/XYTolerance&gt;&lt;ZTolerance&gt;0.001&lt;/ZTolerance&gt;&lt;MTolerance&gt;0.001&lt;/MTolerance&gt;&lt;HighPrecision&gt;true&lt;/HighPrecision&gt;&lt;LeftLongitude&gt;-180&lt;/LeftLongitude&gt;&lt;WKID&gt;4269&lt;/WKID&gt;&lt;LatestWKID&gt;4269&lt;/LatestWKID&gt;&lt;/GeographicCoordinateSystem&gt;</peXml></coordRef><lineage><Process ToolSource="c:\program files (x86)\arcgis\desktop10.8\ArcToolbox\Toolboxes\Data Management Tools.tbx\Append" Date="20220330" Time="151605">Append Chumash_Alt1_EasternExtension Chumash_Alt1_03302022 NO_TEST "Name "Name" true false false 60 Text 0 0 ,First,#,Chumash_Alt1_EasternExtension,Name,-1,-1;Area_sqmi "Area_sqmi" true false false 13 Double 5 12 ,First,#" #</Process><Process ToolSource="c:\program files (x86)\arcgis\desktop10.8\ArcToolbox\Toolboxes\Data Management Tools.tbx\Dissolve" Date="20220330" Time="152007">Dissolve Chumash_Alt1_03302022 "C:\Users\Tony.Reyer\Desktop\Chumash Heritage NMS\Bndy Alternatives\Chumash_Alt1_Dissolve_03302022.shp" Name # MULTI_PART DISSOLVE_LINES</Process><Process ToolSource="c:\program files (x86)\arcgis\desktop10.8\ArcToolbox\Toolboxes\Data Management Tools.tbx\Append" Date="20240214" Time="140439">Append 'Boundary Alternatives\Chumash_SubAltB_GaviotaCoast_05062022' Chumash_Alt4_02132024 NO_TEST "Name "Name" true false false 60 Text 0 0 ,First,#,Boundary Alternatives\Chumash_SubAltB_GaviotaCoast_05062022,Name,-1,-1;Area_sqmi "Area_sqmi" true false false 13 Double 5 12 ,First,#,Boundary Alternatives\Chumash_SubAltB_GaviotaCoast_05062022,Area_sqmi,-1,-1" #</Process><Process ToolSource="c:\program files (x86)\arcgis\desktop10.8\ArcToolbox\Toolboxes\Data Management Tools.tbx\Dissolve" Date="20240214" Time="140711">Dissolve Chumash_Alt4_02132024 "H:\Desktop FIles as of  July 18 2023\Chumash Heritage NMS\Bndy Alternatives\Chumash_Alt4Updated_02142024.shp" Name # MULTI_PART DISSOLVE_LINES</Process><Process ToolSource="c:\program files\arcgis\pro\Resources\ArcToolbox\toolboxes\Conversion Tools.tbx\ExportFeatures" Date="20240425" Time="100730">ExportFeatures CHNMS_NOAA_Final_Proposal_04252024 "C:\Users\kirsten.white\Desktop\CHNMS Mapping\Boundaries\CHNMS_NOAAFinalProposal_April2024.shp" # NOT_USE_ALIAS "Name "Name" true true false 60 Text 0 0,First,#,CHNMS_NOAA_Final_Proposal_04252024,Name,0,60;Area_sqmi "Area_sqmi" true true false 13 Double 5 12,First,#,CHNMS_NOAA_Final_Proposal_04252024,Area_sqmi,-1,-1" #</Process><Process ToolSource="c:\program files\arcgis\pro\Resources\ArcToolbox\toolboxes\Conversion Tools.tbx\ExportFeatures" Date="20240506" Time="102612">ExportFeatures CHNMS_NOAA_Proposal_May2024 "C:\Users\kirsten.white\Desktop\CHNMS Mapping\Boundaries\May Proposal 2024\NOAA_MayProposal_05062024.shp" # NOT_USE_ALIAS "Name "Name" true true false 60 Text 0 0,First,#,CHNMS_NOAA_Proposal_May2024,Name,0,60;Area_sqmi "Area_sqmi" true true false 13 Double 5 12,First,#,CHNMS_NOAA_Proposal_May2024,Area_sqmi,-1,-1" #</Process></lineage></DataProperties><SyncDate>20240506</SyncDate><SyncTime>10261200</SyncTime><ModDate>20240506</ModDate><ModTime>10261200</ModTime><scaleRange><minScale>150000000</minScale><maxScale>5000</maxScale></scaleRange><ArcGISProfile>ISO19139</ArcGISProfile></Esri><dataIdInfo><envirDesc Sync="TRUE">Microsoft Windows 10 Version 10.0 (Build 22631) ; Esri ArcGIS 13.1.2.41833</envirDesc><dataLang><languageCode value="eng" Sync="TRUE"/><countryCode value="USA" Sync="TRUE"/></dataLang><idCitation><resTitle Sync="TRUE">NOAA_MayProposal_05062024</resTitle><presForm><PresFormCd value="005" Sync="TRUE"/></presForm></idCitation><spatRpType><SpatRepTypCd value="001" Sync="TRUE"/></spatRpType><dataExt><geoEle xmlns=""><GeoBndBox esriExtentType="search"><exTypeCode Sync="TRUE">1</exTypeCode><westBL Sync="TRUE">-122.172108</westBL><eastBL Sync="TRUE">-120.226342</eastBL><northBL Sync="TRUE">35.554830</northBL><southBL Sync="TRUE">33.823188</southBL></GeoBndBox></geoEle></dataExt><idPurp>This is the proposed boundary for the Chumash Heritage National Marine Sanctuary. This boundary represents the extent of the proposed site as of where the process was on Oct. 8, 2021. These boundaries should only be used for planning purposes as of this date.</idPurp><searchKeys><keyword>proposed national marine sanctuary</keyword><keyword>California</keyword><keyword>Chumash</keyword></searchKeys><resConst><Consts xmlns=""><useLimit>&lt;DIV STYLE="text-align:Left;"&gt;&lt;DIV&gt;&lt;DIV&gt;&lt;P&gt;&lt;SPAN&gt;The boundary for this proposed site is only to be used for planning purposes.&lt;/SPAN&gt;&lt;/P&gt;&lt;/DIV&gt;&lt;/DIV&gt;&lt;/DIV&gt;</useLimit></Consts></resConst><themeKeys xmlns=""><keyword>national marine sanctuary</keyword></themeKeys><placeKeys xmlns=""><keyword>California</keyword></placeKeys><tpCat><TopicCatCd value="003"/></tpCat></dataIdInfo><mdLang><languageCode value="eng" Sync="TRUE"/><countryCode value="USA" Sync="TRUE"/></mdLang><mdChar><CharSetCd value="004" Sync="TRUE"/></mdChar><distInfo><distFormat><formatName Sync="TRUE">Shapefile</formatName></distFormat><distTranOps><transSize Sync="TRUE">0.000</transSize></distTranOps></distInfo><mdHrLv><ScopeCd value="005" Sync="TRUE"/></mdHrLv><mdHrLvName Sync="TRUE">dataset</mdHrLvName><refSysInfo><RefSystem><refSysID><identCode code="4269" Sync="TRUE"/><idCodeSpace Sync="TRUE">EPSG</idCodeSpace><idVersion Sync="TRUE">6.5(3.0.1)</idVersion></refSysID></RefSystem></refSysInfo><spatRepInfo><VectSpatRep><geometObjs Name="NOAA_MayProposal_05062024"><geoObjTyp><GeoObjTypCd value="002" Sync="TRUE"></GeoObjTypCd></geoObjTyp><geoObjCnt Sync="TRUE">0</geoObjCnt></geometObjs><topLvl><TopoLevCd value="001" Sync="TRUE"></TopoLevCd></topLvl></VectSpatRep></spatRepInfo><spdoinfo><ptvctinf><esriterm Name="NOAA_MayProposal_05062024"><efeatyp Sync="TRUE">Simple</efeatyp><efeageom code="4" Sync="TRUE"></efeageom><esritopo Sync="TRUE">FALSE</esritopo><efeacnt Sync="TRUE">0</efeacnt><spindex Sync="TRUE">FALSE</spindex><linrefer Sync="TRUE">FALSE</linrefer></esriterm></ptvctinf></spdoinfo><eainfo><detailed Name="NOAA_MayProposal_05062024"><enttyp><enttypl Sync="TRUE">NOAA_MayProposal_05062024</enttypl><enttypt Sync="TRUE">Feature Class</enttypt><enttypc Sync="TRUE">0</enttypc></enttyp><attr><attrlabl Sync="TRUE">FID</attrlabl><attalias Sync="TRUE">FID</attalias><attrtype Sync="TRUE">OID</attrtype><attwidth Sync="TRUE">4</attwidth><atprecis Sync="TRUE">0</atprecis><attscale Sync="TRUE">0</attscale><attrdef Sync="TRUE">Internal feature number.</attrdef><attrdefs Sync="TRUE">Esri</attrdefs><attrdomv><udom Sync="TRUE">Sequential unique whole numbers that are automatically generated.</udom></attrdomv></attr><attr><attrlabl Sync="TRUE">Shape</attrlabl><attalias Sync="TRUE">Shape</attalias><attrtype Sync="TRUE">Geometry</attrtype><attwidth Sync="TRUE">0</attwidth><atprecis Sync="TRUE">0</atprecis><attscale Sync="TRUE">0</attscale><attrdef Sync="TRUE">Feature geometry.</attrdef><attrdefs Sync="TRUE">Esri</attrdefs><attrdomv><udom Sync="TRUE">Coordinates defining the features.</udom></attrdomv></attr><attr><attrlabl Sync="TRUE">Name</attrlabl><attalias Sync="TRUE">Name</attalias><attrtype Sync="TRUE">String</attrtype><attwidth Sync="TRUE">60</attwidth><atprecis Sync="TRUE">0</atprecis><attscale Sync="TRUE">0</attscale></attr><attr><attrlabl Sync="TRUE">Area_sqmi</attrlabl><attalias Sync="TRUE">Area_sqmi</attalias><attrtype Sync="TRUE">Double</attrtype><attwidth Sync="TRUE">13</attwidth><atprecis Sync="TRUE">12</atprecis><attscale Sync="TRUE">5</attscale></attr></detailed></eainfo><mdDateSt Sync="TRUE">20240506</mdDateSt></metadata>
