<metadata><idinfo><citation><citeinfo><pubdate></pubdate><title>Thunder Bay National Marine Sanctuary Boundary (polygon)</title><edition>201409</edition><geoform>vector digital data</geoform><pubinfo><pubplace>Silver Spring, MD</pubplace><publish>NOAA / Office of National Marine Sanctuaries</publish></pubinfo><othercit>none</othercit><lworkcit><citeinfo><pubdate></pubdate><title>Office of National Marine Sanctuary Digital Boundary Files</title><pubinfo><pubplace>Silver Spring, Maryland</pubplace><publish>NOAA / Office of National Marine Sanctuaries</publish></pubinfo><serinfo/><geoform>vector digital data</geoform><origin>NOAA / Office of National Marine Sanctuaries</origin><onlink>http://www.sanctuaries.noaa.gov/</onlink></citeinfo></lworkcit><ftname Sync="TRUE">tbnms_py</ftname><serinfo/><origin>NOAA / Office of National Marine Sanctuaries</origin><onlink>http://www.sanctuaries.noaa.gov/</onlink></citeinfo></citation><descript><abstract>NOAA's Office of National Marine Sanctuaries (ONMS) oversees a system of sanctuaries and other
managed areas around the country.  The legal boundaries of these sanctuaries are
defined within the Code of Federal Regulations, at 15 C.F.R. Part 922 and the
subparts for each national marine sanctuary.  The GIS compatible digital boundary
files for each national marine sanctuary are representations of those legal
boundaries and are based on the best available data.  These files are available
for public use at locations defined in this metadata record.</abstract><purpose>These GIS compatible digital files are provided to promote an understanding of the
boundaries of each national marine sanctuary.  They are based on the legal
definition of each sanctuary as defined in the Code of Federal Regulations, at 15
C.F.R. Part 922 and the subparts for each national marine sanctuary.  These digital
files are not intended and should not be relied upon for use in navigation or legal
purposes.  For legal questions relating to the digital files, please contact the
ONMS at the information provided in this metadata record.</purpose><langdata Sync="TRUE">English (United States)</langdata></descript><timeperd><timeinfo></timeinfo><current>201409</current></timeperd><status><progress>Complete</progress><update>Continually on varying schedule</update></status><spdom><bounding><westbc>
-84.333199</westbc><eastbc>
-82.329513</eastbc><northbc>
45.833339</northbc><southbc>
44.51173</southbc></bounding><lboundng><leftbc Sync="TRUE">-83.467392</leftbc><rightbc Sync="TRUE">-83.000000</rightbc><bottombc Sync="TRUE">44.858472</bottombc><topbc Sync="TRUE">45.207083</topbc></lboundng><minalti></minalti><maxalti></maxalti><altunits></altunits></spdom><keywords><theme><themekt>ISO 19115 Topic Category</themekt><themekey>boundaries</themekey></theme><place><placekt>None</placekt><placekey>Michigan</placekey><placekey>Marine</placekey><placekey>Thunder Bay</placekey><placekey>National Marine Sanctuary</placekey><placekey>NMS</placekey><placekey>Great Lakes</placekey><placekey>Code of Federal Regulations</placekey><placekey>marine protected area</placekey><placekey>MPA</placekey><placekey>National Marine Sanctuary</placekey><placekey>NMS</placekey><placekey>NMSP</placekey><placekey>CFR</placekey><placekey>TBNMS</placekey></place></keywords><accconst>To Be Determined</accconst><useconst>NOT FOR LEGAL USE</useconst><ptcontac><cntinfo><cntorgp><cntorg>NOAA / Office of National Marine Sanctuaries</cntorg><cntper>ONMS Boundary Coordinator</cntper></cntorgp><cntpos>ONMS Boundary Coordinator</cntpos><hours>9:00AM to 4:00PM EST; Monday - Friday</hours><cntvoice>(301) 713-3125</cntvoice><cntfax>(301) 713-0404</cntfax><cntemail>sanctuaries@noaa.gov</cntemail><cntaddr><addrtype>mailing and physical address</addrtype><country>United States</country><state>Maryland</state><city>Silver Spring</city><postal>20910</postal><address>N/NMS, SSMC-4</address><address>1305 East West Highway</address></cntaddr></cntinfo></ptcontac><native>Microsoft Windows 2000 Version 5.1 (Build 2600) Service Pack 2; ESRI ArcCatalog 8.3.0.800</native><natvform Sync="TRUE">Shapefile</natvform></idinfo><dataqual><attracc><attraccr>Attributes were standardized by feature type (point, line, and polygon)
across all sanctuary boundaries.  The values recorded for each attribute
were quality assured and believed to be accurate.</attraccr></attracc><logic>The data were topologically cleaned.</logic><complete>Where possible, the entire boundary for the sanctuary is represented by this digital file.</complete><posacc><horizpa><horizpar>Positional accuracy will vary depending on source</horizpar></horizpa><vertacc><vertaccr>Positional accuracy will vary</vertaccr></vertacc></posacc><lineage><srcinfo><srccite><citeinfo><origin>NOAA Office of Coast Survey (OCS)</origin><pubdate>20010110</pubdate><title>Raster Coastal Map Series Showing Hydrography and Topography
Found on NOAA's Charted Nautical Charts for All Near-Shore Geographic
Areas of the U.S.</title><geoform>raster digital data</geoform><serinfo><sername>Coastal Map Series</sername><issue>kapp number</issue></serinfo><pubinfo><pubplace>Silver Spring, MD</pubplace><publish>NOAA's Ocean Service, Office of Coast Survey (OCS)</publish></pubinfo><othercit>Scale of source material ranges from 1:20000
to 1:80000</othercit><onlink>http://chartmaker.ncd.noaa.gov/</onlink><lworkcit><citeinfo><origin>NOAA, NOS, OCS, Marine Charting Division</origin><pubdate>19950101</pubdate><title>Nautical Charts</title><geoform>raster digital data</geoform><serinfo><sername>NOAA Nautical Charts</sername><issue>kapp number</issue></serinfo><pubinfo><pubplace>Silver Spring, MD</pubplace><publish>NOAA's Ocean Service, Office of Coast Survey</publish></pubinfo></citeinfo></lworkcit></citeinfo></srccite><typesrc>Raster Images</typesrc><srctime><timeinfo><rngdates><begdate>19950101</begdate><enddate>present</enddate></rngdates></timeinfo><srccurr>publication date</srccurr></srctime><srccitea>Source Nautical Chart</srccitea><srccontr>All information in Coastal Maps is derived from the Source Nautical
Chart.</srccontr></srcinfo><srcinfo><srccite><citeinfo><origin>US Federal Government</origin><origin>US Department of Commerce</origin><origin>National Oceanic and Atmospheric Administration</origin><pubdate>20030101</pubdate><title>Code of Federal Regulations, Title 15, Volume 3</title><pubinfo><pubplace>Washington, DC</pubplace><publish>US Dept. of Commerce</publish></pubinfo><othercit>The Code of Federal Regulations (CFR) is the codification of the
general and permanent
rules published in the Federal Register by the executive departments
and agencies
of the Federal Government.</othercit><onlink>http://www.gpoaccess.gov/cfr/</onlink></citeinfo></srccite><typesrc>online</typesrc><srctime><timeinfo><rngdates><begdate>1996</begdate><enddate>2003</enddate></rngdates></timeinfo><srccurr>Publication date</srccurr></srctime><srccitea>15CFR922</srccitea><srccontr>The depicted shoreline of the sanctuary boundary was
derived in part from information contained within the CFR.</srccontr></srcinfo><procstep><procdesc>The geographic boundary coordinates listed within the United States
Code of Federal Regulations (CFR) were converted to decimal degrees
and a text file was created. A point coverage was then generated
using ArcInfo GIS. The coverage was projected into the Geographic
Coordinate System and overlaid on large scale nautical charts and
analyzed with additional data such as adjacent sanctuaries and
shorelines. Specific attention was given to analysis of
inconsistencies between textual descriptions and listed
coordinates. The polyline files were created using a combination of the
coordinate list from the CFR and applicable shoreline vector files. For
point files, two methods were used. If the sanctuary had a shoreline
component, a polyline to point script was used to create a point for
each vertice. If a shoreline component was not present, then the
original coordinates from the CFR were used to create a point shapefile.
Polygon files were created by converting polylines to polygons.  For
more detailed process description, please use contact information below.</procdesc><procdate>201409</procdate><proccont><cntinfo><cntorgp><cntorg>NOAA / Office of National Marine Sanctuaries</cntorg><cntper>ONMS Boundary Coordinator</cntper></cntorgp><cntpos>ONMS Boundary Coordinator</cntpos><hours>9:00AM to 4:00PM EST; Monday - Friday</hours><cntvoice>(301) 713-3125</cntvoice><cntfax>(301) 713-0404</cntfax><cntemail>sanctuaries@noaa.gov</cntemail><cntaddr><addrtype>mailing and physical address</addrtype><country>United States</country><state>Maryland</state><city>Silver Spring</city><postal>20910</postal><address>N/NMS, SSMC-4, #11542</address><address>1305 East West Highway</address></cntaddr></cntinfo></proccont></procstep></lineage></dataqual><spdoinfo><direct>Vector</direct><ptvctinf><esriterm Name="tbnms_py"><efeatyp Sync="TRUE">Simple</efeatyp><efeageom code="4" Sync="TRUE"></efeageom><esritopo Sync="TRUE">FALSE</esritopo><efeacnt Sync="TRUE">1</efeacnt><spindex Sync="TRUE">TRUE</spindex><linrefer Sync="TRUE">FALSE</linrefer></esriterm></ptvctinf></spdoinfo><spref><horizsys><geograph><latres>0.000001</latres><longres>0.000001</longres><geogunit>Decimal degrees</geogunit></geograph><geodetic><horizdn>North American Datum of 1983</horizdn><ellips>Geodetic Reference System 80</ellips><semiaxis>6378137.000000</semiaxis><denflat>298.257222</denflat></geodetic><cordsysn><geogcsn Sync="TRUE">GCS_North_American_1983</geogcsn></cordsysn></horizsys></spref><eainfo><detailed Name="tbnms_py"><enttyp><enttypl>tbnms_py</enttypl><enttypt>Feature Class</enttypt><enttypc>1</enttypc><enttypd></enttypd><enttypds></enttypds></enttyp><attr><attrlabl>FID</attrlabl><attalias>FID</attalias><attrdef>Internal feature number.</attrdef><attrdefs>ESRI</attrdefs><attrtype>OID</attrtype><attwidth>4</attwidth><atprecis>0</atprecis><attscale>0</attscale><attrdomv><udom>Sequential unique whole numbers that are automatically generated.</udom></attrdomv><begdatea></begdatea></attr><attr><attrlabl>Shape</attrlabl><attalias>Shape</attalias><attrdef>Feature geometry.</attrdef><attrdefs>ESRI</attrdefs><attrtype>Geometry</attrtype><attwidth>0</attwidth><atprecis>0</atprecis><attscale>0</attscale><attrdomv><udom>Coordinates defining the features.</udom></attrdomv><begdatea></begdatea></attr><attr><attrlabl>ID</attrlabl><attalias>ID</attalias><attrdef></attrdef><attrdefs></attrdefs><attrtype>Integer</attrtype><attwidth>9</attwidth><atprecis>9</atprecis><attscale>0</attscale><begdatea></begdatea></attr><attr><attrlabl>SANCTUARY</attrlabl><attalias>Sanctuary</attalias><attrdef>Acronym for National Marine Sanctuary</attrdef><attrdefs>Office National Marine Sanctuaries</attrdefs><attrtype>String</attrtype><attwidth>25</attwidth><atprecis>0</atprecis><attscale>0</attscale><begdatea></begdatea></attr><attr><attrlabl>DATUM</attrlabl><attalias>Datum</attalias><attrdef>The geometric model from which the geographic coordinate system is defined.  For the Sanctuary boundaries, the datum used is NAD83, or in the case of Fagatele Bay, WGS84</attrdef><attrdefs></attrdefs><attrtype>String</attrtype><attwidth>25</attwidth><atprecis>0</atprecis><attscale>0</attscale><begdatea></begdatea></attr><attr><attrlabl>AREA_SM</attrlabl><attalias>Area_SM</attalias><attrdef>area calculated in square statute miles</attrdef><attrdefs></attrdefs><attrtype>Double</attrtype><attwidth>13</attwidth><atprecis>12</atprecis><attscale>5</attscale><begdatea></begdatea></attr><attr><attrlabl>AREA_KM</attrlabl><attalias>Area_KM</attalias><attrdef>area calculated in square kilometers</attrdef><attrdefs></attrdefs><attrtype>Double</attrtype><attwidth>13</attwidth><atprecis>12</atprecis><attscale>5</attscale><begdatea></begdatea></attr><attr><attrlabl>AREA_NM</attrlabl><attalias>Area_NM</attalias><attrdef>area calculated in square nautical miles</attrdef><attrdefs></attrdefs><attrtype>Double</attrtype><attwidth>13</attwidth><atprecis>12</atprecis><attscale>5</attscale><begdatea></begdatea></attr><attr><attrlabl>AREA_ACRES</attrlabl><attalias>Area_Acres</attalias><attrdef>area calculated in acres</attrdef><attrdefs></attrdefs><attrtype>Double</attrtype><attwidth>13</attwidth><atprecis>12</atprecis><attscale>5</attscale><begdatea></begdatea></attr></detailed></eainfo><metainfo><metd>20140909</metd><metc><cntinfo><cntorgp><cntorg>NOAA / Office of National Marine Sanctuaries</cntorg><cntper>ONMS Boundary Coordinator</cntper></cntorgp><cntpos>ONMS Boundary Coordinator</cntpos><hours>9:00AM to 4:00PM EST; Monday - Friday</hours><cntvoice>(301) 713-3125</cntvoice><cntfax>(301) 713-0404</cntfax><cntemail>sanctuaries@noaa.gov</cntemail><cntaddr><addrtype>mailing and physical address</addrtype><country>United States</country><state>Maryland</state><city>Silver Spring</city><postal>20910</postal><address>N/NMS, SSMC-4</address><address>1305 East West Highway</address></cntaddr></cntinfo></metc><metstdn>FGDC Content Standards for Digital Geospatial Metadata</metstdn><metstdv>FGDC-STD-001-1998</metstdv><mettc>local time</mettc><metextns><onlink>http://www.esri.com/metadata/esriprof80.html</onlink><metprof>ESRI Metadata Profile</metprof></metextns><langmeta Sync="TRUE">en</langmeta><metrd></metrd><metfrd></metfrd><metac></metac><metuc></metuc><metsi><metscs></metscs><metsc></metsc><metshd></metshd></metsi></metainfo><dataIdInfo><envirDesc Sync="TRUE">Microsoft Windows 7 Version 6.1 (Build 7601) Service Pack 1; Esri ArcGIS 10.2.0.3348</envirDesc><dataLang><languageCode Sync="TRUE" value="eng"></languageCode><countryCode value="USA" Sync="TRUE"></countryCode></dataLang><idCitation><resTitle Sync="TRUE">tbnms_py</resTitle><presForm><PresFormCd Sync="TRUE" value="005"></PresFormCd></presForm></idCitation><spatRpType><SpatRepTypCd Sync="TRUE" value="001"></SpatRepTypCd></spatRpType><dataExt><geoEle><GeoBndBox esriExtentType="native"><westBL Sync="TRUE">-83.467392</westBL><eastBL Sync="TRUE">-83</eastBL><northBL Sync="TRUE">45.207083</northBL><southBL Sync="TRUE">44.858472</southBL><exTypeCode Sync="TRUE">1</exTypeCode></GeoBndBox></geoEle></dataExt><geoBox esriExtentType="decdegrees"><westBL Sync="TRUE">-83.467392</westBL><eastBL Sync="TRUE">-83</eastBL><northBL Sync="TRUE">45.207083</northBL><southBL Sync="TRUE">44.858472</southBL><exTypeCode Sync="TRUE">1</exTypeCode></geoBox><dataExt><geoEle><GeoBndBox esriExtentType="search"><exTypeCode Sync="TRUE">1</exTypeCode><westBL Sync="TRUE">-84.333332</westBL><eastBL Sync="TRUE">-82.329519</eastBL><northBL Sync="TRUE">45.833334</northBL><southBL Sync="TRUE">44.511738</southBL></GeoBndBox></geoEle></dataExt></dataIdInfo><mdLang><languageCode Sync="TRUE" value="eng"></languageCode><countryCode value="USA" Sync="TRUE"></countryCode></mdLang><mdStanName Sync="TRUE">ISO 19115 Geographic Information - Metadata</mdStanName><mdStanVer Sync="TRUE">DIS_ESRI1.0</mdStanVer><mdChar><CharSetCd Sync="TRUE" value="006"></CharSetCd></mdChar><mdHrLv><ScopeCd Sync="TRUE" value="005"></ScopeCd></mdHrLv><mdHrLvName Sync="TRUE">dataset</mdHrLvName><distInfo><distributor><distorTran><onLineSrc><orDesc Sync="TRUE">002</orDesc><linkage Sync="TRUE">file://\\AAMB-L-1472672\C$\tempboundaries\NMSP PY Distribute 1_27_06\tbnms_py.shp</linkage><protocol Sync="TRUE">Local Area Network</protocol></onLineSrc><transSize Sync="TRUE">0.032</transSize></distorTran><distorFormat><formatName Sync="TRUE">Shapefile</formatName></distorFormat></distributor><distFormat><formatName Sync="TRUE">Shapefile</formatName></distFormat><distTranOps><transSize Sync="TRUE">1.629</transSize></distTranOps></distInfo><refSysInfo><RefSystem><refSysID><identCode Sync="TRUE" code="4269">GCS_North_American_1983</identCode><idCodeSpace Sync="TRUE">EPSG</idCodeSpace><idVersion Sync="TRUE">8.1.1</idVersion></refSysID></RefSystem></refSysInfo><spatRepInfo><VectSpatRep><geometObjs Name="tbnms_py"><geoObjTyp><GeoObjTypCd value="002" Sync="TRUE"></GeoObjTypCd></geoObjTyp><geoObjCnt Sync="TRUE">1</geoObjCnt></geometObjs><topLvl><TopoLevCd value="001" Sync="TRUE"></TopoLevCd></topLvl></VectSpatRep></spatRepInfo><Esri><SyncDate>20140910</SyncDate><SyncTime>11003100</SyncTime><ModDate>20140910</ModDate><ModTime>11003100</ModTime><DataProperties><itemProps><itemName Sync="TRUE">tbnms_py</itemName><imsContentType Sync="TRUE">002</imsContentType><nativeExtBox><westBL Sync="TRUE">-84.333332</westBL><eastBL Sync="TRUE">-82.329519</eastBL><southBL Sync="TRUE">44.511738</southBL><northBL Sync="TRUE">45.833334</northBL><exTypeCode Sync="TRUE">1</exTypeCode></nativeExtBox><itemSize Sync="TRUE">1.629</itemSize><itemLocation><linkage Sync="TRUE">file://\\AAMB-S-CLUST01\NMS-USERS\TONY.REYER\Sanctuaries\Sanctuary Boundaries\TBNMS Expansion\Thunder Bay Boundary Expansion\Final Map Files\tbnms_py.shp</linkage><protocol Sync="TRUE">Local Area Network</protocol></itemLocation></itemProps><coordRef><type Sync="TRUE">Geographic</type><geogcsn Sync="TRUE">GCS_North_American_1983</geogcsn><csUnits Sync="TRUE">Angular Unit: Degree (0.017453)</csUnits><peXml Sync="TRUE">&lt;GeographicCoordinateSystem xsi:type='typens:GeographicCoordinateSystem' xmlns:xsi='http://www.w3.org/2001/XMLSchema-instance' xmlns:xs='http://www.w3.org/2001/XMLSchema' xmlns:typens='http://www.esri.com/schemas/ArcGIS/10.1'&gt;&lt;WKT&gt;GEOGCS[&amp;quot;GCS_North_American_1983&amp;quot;,DATUM[&amp;quot;D_North_American_1983&amp;quot;,SPHEROID[&amp;quot;GRS_1980&amp;quot;,6378137.0,298.257222101]],PRIMEM[&amp;quot;Greenwich&amp;quot;,0.0],UNIT[&amp;quot;Degree&amp;quot;,0.0174532925199433],AUTHORITY[&amp;quot;EPSG&amp;quot;,4269]]&lt;/WKT&gt;&lt;XOrigin&gt;-400&lt;/XOrigin&gt;&lt;YOrigin&gt;-400&lt;/YOrigin&gt;&lt;XYScale&gt;11258999068426.238&lt;/XYScale&gt;&lt;ZOrigin&gt;-100000&lt;/ZOrigin&gt;&lt;ZScale&gt;10000&lt;/ZScale&gt;&lt;MOrigin&gt;-100000&lt;/MOrigin&gt;&lt;MScale&gt;10000&lt;/MScale&gt;&lt;XYTolerance&gt;8.9831528411952133e-009&lt;/XYTolerance&gt;&lt;ZTolerance&gt;0.001&lt;/ZTolerance&gt;&lt;MTolerance&gt;0.001&lt;/MTolerance&gt;&lt;HighPrecision&gt;true&lt;/HighPrecision&gt;&lt;LeftLongitude&gt;-180&lt;/LeftLongitude&gt;&lt;WKID&gt;4269&lt;/WKID&gt;&lt;LatestWKID&gt;4269&lt;/LatestWKID&gt;&lt;/GeographicCoordinateSystem&gt;</peXml></coordRef></DataProperties></Esri><mdDateSt Sync="TRUE">20140909</mdDateSt><distinfo><resdesc>Downloadable Data</resdesc><distliab>Users must assume responisibility to determine the appropriate use of Thesee data.  These boundaries are not to be used as LEGAL definitions.  The boundaries are created with the most recent and accurate  boundary information available, but the edges and/or borders of the boundaries may change due to the natural land changes, site boundary modification or higher resolution maps.  Therefore, the currency or accuracy of Thesee boundaries cannot be guaranteed.</distliab><custom>Thunder Bay National Marine Sanctuary Digital Boundary File (tbnms_py.shp)

Digital boundry files are available for public consumption from the Office of National Marine Sanctuaries through their internet site.  Because URL addresses and pages change, the actual data URL is not listed here, but will be searchable within the site (http://sanctuaries.noaa.gov)  Requests may also be made through the ONMS Boundary Coordinator.  See Distributor Contact Information for contact details.</custom><techpreq></techpreq><distrib><cntinfo><cntorgp><cntorg>NOAA / Office of National Marine Sanctuaries</cntorg><cntper>ONMS Boundary Coordinator</cntper></cntorgp><cntpos>ONMS Boundary Coordinator</cntpos><hours>9:00AM to 4:00PM EST; Monday - Friday</hours><cntvoice>(301) 713-3125</cntvoice><cntfax>(301) 713-0404</cntfax><cntemail>sanctuaries@noaa.gov</cntemail><cntaddr><addrtype>mailing and physical address</addrtype><country>United States</country><state>Maryland</state><city>Silver Spring</city><postal>20910</postal><address>N/NMS, SSMC-4</address><address>1305 East West Highway</address></cntaddr></cntinfo></distrib><availabl><obsolete></obsolete><timeinfo><mdattim/></timeinfo></availabl><stdorder><fees></fees><ordering></ordering><turnarnd></turnarnd><digform><digtinfo><transize>0.032</transize><dssize>0.032</dssize><formname></formname></digtinfo></digform></stdorder></distinfo></metadata>
